ISO.code,country,Country,region_west,region_W_SSE,region_W_SAE,region_west_HIW,region_W_SSE_HIW,region_W_SAE_HIW,region_west_MDR,region_W_SSE_MDR,region_W_SAE_MDR,region_west_south,region_west_south_HIW,All_africa_HIW
AFG,AFGHANISTAN,Afghanistan,SOUTH ASIA,SOUTH AND SOUTH EASTERN ASIA,SOUTH AND EAST ASIA,SOUTH ASIA,SOUTH AND SOUTH EASTERN ASIA,SOUTH AND EAST ASIA,SOUTH ASIA,SOUTH AND SOUTH EASTERN ASIA,SOUTH AND EAST ASIA,SOUTH ASIA,SOUTH ASIA,SOUTH ASIA
AGO,ANGOLA,Angola,EASTERN MIDDLE AND SOUTH AFRICA,EASTERN MIDDLE AND SOUTH AFRICA,EASTERN MIDDLE AND SOUTH AFRICA,EASTERN MIDDLE AND SOUTH AFRICA,EASTERN MIDDLE AND SOUTH AFRICA,EASTERN MIDDLE AND SOUTH AFRICA,EASTERN MIDDLE AND SOUTH AFRICA,EASTERN MIDDLE AND SOUTH AFRICA,EASTERN MIDDLE AND SOUTH AFRICA,EASTERN AND MIDDLE AFRICA,EASTERN MIDDLE AND SOUTH AFRICA,Central Africa
ALB,ALBANIA,Albania,EUROPE AND CENTRAL ASIA,EUROPE AND CENTRAL ASIA,EUROPE AND CENTRAL ASIA,EUROPE AND CENTRAL ASIA,EUROPE AND CENTRAL ASIA,EUROPE AND CENTRAL ASIA,More Developed Region,More Developed Region,More Developed Region,EUROPE AND CENTRAL ASIA,EUROPE AND CENTRAL ASIA,EUROPE AND CENTRAL ASIA
AND,ANDORRA,Andorra,EUROPE AND CENTRAL ASIA,EUROPE AND CENTRAL ASIA,EUROPE AND CENTRAL ASIA,High-income Western countries,High-income Western countries,High-income Western countries,More Developed Region,More Developed Region,More Developed Region,EUROPE AND CENTRAL ASIA,High-income Western countries,High-income Western countries
ARE,UNITED ARAB EMIRATES,United Arab Emirates,MIDDLE EAST AND NORTH AFRICA,MIDDLE EAST AND NORTH AFRICA,MIDDLE EAST AND NORTH AFRICA,MIDDLE EAST AND NORTH AFRICA,MIDDLE EAST AND NORTH AFRICA,MIDDLE EAST AND NORTH AFRICA,MIDDLE EAST AND NORTH AFRICA,MIDDLE EAST AND NORTH AFRICA,MIDDLE EAST AND NORTH AFRICA,MIDDLE EAST AND NORTH AFRICA,MIDDLE EAST AND NORTH AFRICA,MIDDLE EAST AND NORTH AFRICA
ARG,ARGENTINA,Argentina,LATIN AMERICA AND THE CARIBBEAN,LATIN AMERICA AND THE CARIBBEAN,LATIN AMERICA AND THE CARIBBEAN,LATIN AMERICA AND THE CARIBBEAN,LATIN AMERICA AND THE CARIBBEAN,LATIN AMERICA AND THE CARIBBEAN,LATIN AMERICA AND THE CARIBBEAN,LATIN AMERICA AND THE CARIBBEAN,LATIN AMERICA AND THE CARIBBEAN,LATIN AMERICA AND THE CARIBBEAN,LATIN AMERICA AND THE CARIBBEAN,LATIN AMERICA AND THE CARIBBEAN
ARM,ARMENIA,Armenia,EUROPE AND CENTRAL ASIA,EUROPE AND CENTRAL ASIA,EUROPE AND CENTRAL ASIA,EUROPE AND CENTRAL ASIA,EUROPE AND CENTRAL ASIA,EUROPE AND CENTRAL ASIA,EUROPE AND CENTRAL ASIA,EUROPE AND CENTRAL ASIA,EUROPE AND CENTRAL ASIA,EUROPE AND CENTRAL ASIA,EUROPE AND CENTRAL ASIA,EUROPE AND CENTRAL ASIA
ASM,AMERICAN SAMOA,American Samoa,EAST ASIA AND PACIFIC,EAST ASIA AND PACIFIC,SOUTH EASTERN ASIA AND PACIFIC,EAST ASIA AND PACIFIC,EAST ASIA AND PACIFIC,SOUTH EASTERN ASIA AND PACIFIC,EAST ASIA AND PACIFIC,EAST ASIA AND PACIFIC,SOUTH EASTERN ASIA AND PACIFIC,EAST ASIA AND PACIFIC,EAST ASIA AND PACIFIC,EAST ASIA AND PACIFIC
ATG,ANTIGUA AND BARBUDA,Antigua And Barbuda,LATIN AMERICA AND THE CARIBBEAN,LATIN AMERICA AND THE CARIBBEAN,LATIN AMERICA AND THE CARIBBEAN,LATIN AMERICA AND THE CARIBBEAN,LATIN AMERICA AND THE CARIBBEAN,LATIN AMERICA AND THE CARIBBEAN,LATIN AMERICA AND THE CARIBBEAN,LATIN AMERICA AND THE CARIBBEAN,LATIN AMERICA AND THE CARIBBEAN,LATIN AMERICA AND THE CARIBBEAN,LATIN AMERICA AND THE CARIBBEAN,LATIN AMERICA AND THE CARIBBEAN
AUS,AUSTRALIA,Australia,EAST ASIA AND PACIFIC,EAST ASIA AND PACIFIC,SOUTH EASTERN ASIA AND PACIFIC,High-income Western countries,High-income Western countries,High-income Western countries,More Developed Region,More Developed Region,More Developed Region,EAST ASIA AND PACIFIC,High-income Western countries,High-income Western countries
AUT,AUSTRIA,Austria,EUROPE AND CENTRAL ASIA,EUROPE AND CENTRAL ASIA,EUROPE AND CENTRAL ASIA,High-income Western countries,High-income Western countries,High-income Western countries,More Developed Region,More Developed Region,More Developed Region,EUROPE AND CENTRAL ASIA,High-income Western countries,High-income Western countries
AZE,AZERBAIJAN,Azerbaijan,EUROPE AND CENTRAL ASIA,EUROPE AND CENTRAL ASIA,EUROPE AND CENTRAL ASIA,EUROPE AND CENTRAL ASIA,EUROPE AND CENTRAL ASIA,EUROPE AND CENTRAL ASIA,EUROPE AND CENTRAL ASIA,EUROPE AND CENTRAL ASIA,EUROPE AND CENTRAL ASIA,EUROPE AND CENTRAL ASIA,EUROPE AND CENTRAL ASIA,EUROPE AND CENTRAL ASIA
BDI,BURUNDI,Burundi,EASTERN MIDDLE AND SOUTH AFRICA,EASTERN MIDDLE AND SOUTH AFRICA,EASTERN MIDDLE AND SOUTH AFRICA,EASTERN MIDDLE AND SOUTH AFRICA,EASTERN MIDDLE AND SOUTH AFRICA,EASTERN MIDDLE AND SOUTH AFRICA,EASTERN MIDDLE AND SOUTH AFRICA,EASTERN MIDDLE AND SOUTH AFRICA,EASTERN MIDDLE AND SOUTH AFRICA,EASTERN AND MIDDLE AFRICA,EASTERN MIDDLE AND SOUTH AFRICA,East Africa
BEL,BELGIUM,Belgium,EUROPE AND CENTRAL ASIA,EUROPE AND CENTRAL ASIA,EUROPE AND CENTRAL ASIA,High-income Western countries,High-income Western countries,High-income Western countries,More Developed Region,More Developed Region,More Developed Region,EUROPE AND CENTRAL ASIA,High-income Western countries,High-income Western countries
BEN,BENIN,Benin,WEST AFRICA,WEST AFRICA,WEST AFRICA,WEST AFRICA,WEST AFRICA,WEST AFRICA,WEST AFRICA,WEST AFRICA,WEST AFRICA,SOUTH AND WEST AFRICA,WEST AFRICA,West Africa
BFA,BURKINA FASO,Burkina Faso,WEST AFRICA,WEST AFRICA,WEST AFRICA,WEST AFRICA,WEST AFRICA,WEST AFRICA,WEST AFRICA,WEST AFRICA,WEST AFRICA,SOUTH AND WEST AFRICA,WEST AFRICA,West Africa
BGD,BANGLADESH,Bangladesh,SOUTH ASIA,SOUTH AND SOUTH EASTERN ASIA,SOUTH AND EAST ASIA,SOUTH ASIA,SOUTH AND SOUTH EASTERN ASIA,SOUTH AND EAST ASIA,SOUTH ASIA,SOUTH AND SOUTH EASTERN ASIA,SOUTH AND EAST ASIA,SOUTH ASIA,SOUTH ASIA,SOUTH ASIA
BGR,BULGARIA,Bulgaria,EUROPE AND CENTRAL ASIA,EUROPE AND CENTRAL ASIA,EUROPE AND CENTRAL ASIA,EUROPE AND CENTRAL ASIA,EUROPE AND CENTRAL ASIA,EUROPE AND CENTRAL ASIA,More Developed Region,More Developed Region,More Developed Region,EUROPE AND CENTRAL ASIA,EUROPE AND CENTRAL ASIA,EUROPE AND CENTRAL ASIA
BHR,BAHRAIN,Bahrain,MIDDLE EAST AND NORTH AFRICA,MIDDLE EAST AND NORTH AFRICA,MIDDLE EAST AND NORTH AFRICA,MIDDLE EAST AND NORTH AFRICA,MIDDLE EAST AND NORTH AFRICA,MIDDLE EAST AND NORTH AFRICA,MIDDLE EAST AND NORTH AFRICA,MIDDLE EAST AND NORTH AFRICA,MIDDLE EAST AND NORTH AFRICA,MIDDLE EAST AND NORTH AFRICA,MIDDLE EAST AND NORTH AFRICA,MIDDLE EAST AND NORTH AFRICA
BHS,BAHAMAS,Bahamas,LATIN AMERICA AND THE CARIBBEAN,LATIN AMERICA AND THE CARIBBEAN,LATIN AMERICA AND THE CARIBBEAN,LATIN AMERICA AND THE CARIBBEAN,LATIN AMERICA AND THE CARIBBEAN,LATIN AMERICA AND THE CARIBBEAN,LATIN AMERICA AND THE CARIBBEAN,LATIN AMERICA AND THE CARIBBEAN,LATIN AMERICA AND THE CARIBBEAN,LATIN AMERICA AND THE CARIBBEAN,LATIN AMERICA AND THE CARIBBEAN,LATIN AMERICA AND THE CARIBBEAN
BIH,BOSNIA AND HERZEGOVINA,Bosnia And Herzegovina,EUROPE AND CENTRAL ASIA,EUROPE AND CENTRAL ASIA,EUROPE AND CENTRAL ASIA,EUROPE AND CENTRAL ASIA,EUROPE AND CENTRAL ASIA,EUROPE AND CENTRAL ASIA,More Developed Region,More Developed Region,More Developed Region,EUROPE AND CENTRAL ASIA,EUROPE AND CENTRAL ASIA,EUROPE AND CENTRAL ASIA
BLR,BELARUS,Belarus,EUROPE AND CENTRAL ASIA,EUROPE AND CENTRAL ASIA,EUROPE AND CENTRAL ASIA,EUROPE AND CENTRAL ASIA,EUROPE AND CENTRAL ASIA,EUROPE AND CENTRAL ASIA,More Developed Region,More Developed Region,More Developed Region,EUROPE AND CENTRAL ASIA,EUROPE AND CENTRAL ASIA,EUROPE AND CENTRAL ASIA
BLZ,BELIZE,Belize,LATIN AMERICA AND THE CARIBBEAN,LATIN AMERICA AND THE CARIBBEAN,LATIN AMERICA AND THE CARIBBEAN,LATIN AMERICA AND THE CARIBBEAN,LATIN AMERICA AND THE CARIBBEAN,LATIN AMERICA AND THE CARIBBEAN,LATIN AMERICA AND THE CARIBBEAN,LATIN AMERICA AND THE CARIBBEAN,LATIN AMERICA AND THE CARIBBEAN,LATIN AMERICA AND THE CARIBBEAN,LATIN AMERICA AND THE CARIBBEAN,LATIN AMERICA AND THE CARIBBEAN
BMU,BERMUDA,Bermuda,NORTH AMERICA,LATIN AMERICA AND THE CARIBBEAN,LATIN AMERICA AND THE CARIBBEAN,LATIN AMERICA AND THE CARIBBEAN,LATIN AMERICA AND THE CARIBBEAN,LATIN AMERICA AND THE CARIBBEAN,LATIN AMERICA AND THE CARIBBEAN,LATIN AMERICA AND THE CARIBBEAN,LATIN AMERICA AND THE CARIBBEAN,LATIN AMERICA AND THE CARIBBEAN,LATIN AMERICA AND THE CARIBBEAN,LATIN AMERICA AND THE CARIBBEAN
BOL,BOLIVIA (PLURINATIONAL STATE OF),Bolivia (plurinational State Of),LATIN AMERICA AND THE CARIBBEAN,LATIN AMERICA AND THE CARIBBEAN,LATIN AMERICA AND THE CARIBBEAN,LATIN AMERICA AND THE CARIBBEAN,LATIN AMERICA AND THE CARIBBEAN,LATIN AMERICA AND THE CARIBBEAN,LATIN AMERICA AND THE CARIBBEAN,LATIN AMERICA AND THE CARIBBEAN,LATIN AMERICA AND THE CARIBBEAN,LATIN AMERICA AND THE CARIBBEAN,LATIN AMERICA AND THE CARIBBEAN,LATIN AMERICA AND THE CARIBBEAN
BRA,BRAZIL,Brazil,LATIN AMERICA AND THE CARIBBEAN,LATIN AMERICA AND THE CARIBBEAN,LATIN AMERICA AND THE CARIBBEAN,LATIN AMERICA AND THE CARIBBEAN,LATIN AMERICA AND THE CARIBBEAN,LATIN AMERICA AND THE CARIBBEAN,LATIN AMERICA AND THE CARIBBEAN,LATIN AMERICA AND THE CARIBBEAN,LATIN AMERICA AND THE CARIBBEAN,LATIN AMERICA AND THE CARIBBEAN,LATIN AMERICA AND THE CARIBBEAN,LATIN AMERICA AND THE CARIBBEAN
BRB,BARBADOS,Barbados,LATIN AMERICA AND THE CARIBBEAN,LATIN AMERICA AND THE CARIBBEAN,LATIN AMERICA AND THE CARIBBEAN,LATIN AMERICA AND THE CARIBBEAN,LATIN AMERICA AND THE CARIBBEAN,LATIN AMERICA AND THE CARIBBEAN,LATIN AMERICA AND THE CARIBBEAN,LATIN AMERICA AND THE CARIBBEAN,LATIN AMERICA AND THE CARIBBEAN,LATIN AMERICA AND THE CARIBBEAN,LATIN AMERICA AND THE CARIBBEAN,LATIN AMERICA AND THE CARIBBEAN
BRN,BRUNEI DARUSSALAM,Brunei Darussalam,EAST ASIA AND PACIFIC,SOUTH AND SOUTH EASTERN ASIA,SOUTH EASTERN ASIA AND PACIFIC,EAST ASIA AND PACIFIC,SOUTH AND SOUTH EASTERN ASIA,SOUTH EASTERN ASIA AND PACIFIC,EAST ASIA AND PACIFIC,SOUTH AND SOUTH EASTERN ASIA,SOUTH EASTERN ASIA AND PACIFIC,EAST ASIA AND PACIFIC,EAST ASIA AND PACIFIC,EAST ASIA AND PACIFIC
BTN,BHUTAN,Bhutan,SOUTH ASIA,SOUTH AND SOUTH EASTERN ASIA,SOUTH AND EAST ASIA,SOUTH ASIA,SOUTH AND SOUTH EASTERN ASIA,SOUTH AND EAST ASIA,SOUTH ASIA,SOUTH AND SOUTH EASTERN ASIA,SOUTH AND EAST ASIA,SOUTH ASIA,SOUTH ASIA,SOUTH ASIA
BWA,BOTSWANA,Botswana,EASTERN MIDDLE AND SOUTH AFRICA,EASTERN MIDDLE AND SOUTH AFRICA,EASTERN MIDDLE AND SOUTH AFRICA,EASTERN MIDDLE AND SOUTH AFRICA,EASTERN MIDDLE AND SOUTH AFRICA,EASTERN MIDDLE AND SOUTH AFRICA,EASTERN MIDDLE AND SOUTH AFRICA,EASTERN MIDDLE AND SOUTH AFRICA,EASTERN MIDDLE AND SOUTH AFRICA,SOUTH AND WEST AFRICA,EASTERN MIDDLE AND SOUTH AFRICA,Southern Africa
CAF,CENTRAL AFRICAN REPUBLIC,Central African Republic,EASTERN MIDDLE AND SOUTH AFRICA,EASTERN MIDDLE AND SOUTH AFRICA,EASTERN MIDDLE AND SOUTH AFRICA,EASTERN MIDDLE AND SOUTH AFRICA,EASTERN MIDDLE AND SOUTH AFRICA,EASTERN MIDDLE AND SOUTH AFRICA,EASTERN MIDDLE AND SOUTH AFRICA,EASTERN MIDDLE AND SOUTH AFRICA,EASTERN MIDDLE AND SOUTH AFRICA,EASTERN AND MIDDLE AFRICA,EASTERN MIDDLE AND SOUTH AFRICA,Central Africa
CAN,CANADA,Canada,NORTH AMERICA,NORTH AMERICA,NORTH AMERICA,High-income Western countries,High-income Western countries,High-income Western countries,More Developed Region,More Developed Region,More Developed Region,NORTH AMERICA,High-income Western countries,High-income Western countries
CHE,SWITZERLAND,Switzerland,EUROPE AND CENTRAL ASIA,EUROPE AND CENTRAL ASIA,EUROPE AND CENTRAL ASIA,High-income Western countries,High-income Western countries,High-income Western countries,More Developed Region,More Developed Region,More Developed Region,EUROPE AND CENTRAL ASIA,High-income Western countries,High-income Western countries
CHL,CHILE,Chile,LATIN AMERICA AND THE CARIBBEAN,LATIN AMERICA AND THE CARIBBEAN,LATIN AMERICA AND THE CARIBBEAN,LATIN AMERICA AND THE CARIBBEAN,LATIN AMERICA AND THE CARIBBEAN,LATIN AMERICA AND THE CARIBBEAN,LATIN AMERICA AND THE CARIBBEAN,LATIN AMERICA AND THE CARIBBEAN,LATIN AMERICA AND THE CARIBBEAN,LATIN AMERICA AND THE CARIBBEAN,LATIN AMERICA AND THE CARIBBEAN,LATIN AMERICA AND THE CARIBBEAN
CHN,CHINA,China,EAST ASIA AND PACIFIC,EAST ASIA AND PACIFIC,SOUTH AND EAST ASIA,EAST ASIA AND PACIFIC,EAST ASIA AND PACIFIC,SOUTH AND EAST ASIA,EAST ASIA AND PACIFIC,EAST ASIA AND PACIFIC,SOUTH AND EAST ASIA,EAST ASIA AND PACIFIC,EAST ASIA AND PACIFIC,EAST ASIA AND PACIFIC
CIV,CÔTE D'IVOIRE,Côte D'ivoire,WEST AFRICA,WEST AFRICA,WEST AFRICA,WEST AFRICA,WEST AFRICA,WEST AFRICA,WEST AFRICA,WEST AFRICA,WEST AFRICA,SOUTH AND WEST AFRICA,WEST AFRICA,West Africa
CMR,CAMEROON,Cameroon,EASTERN MIDDLE AND SOUTH AFRICA,EASTERN MIDDLE AND SOUTH AFRICA,EASTERN MIDDLE AND SOUTH AFRICA,EASTERN MIDDLE AND SOUTH AFRICA,EASTERN MIDDLE AND SOUTH AFRICA,EASTERN MIDDLE AND SOUTH AFRICA,EASTERN MIDDLE AND SOUTH AFRICA,EASTERN MIDDLE AND SOUTH AFRICA,EASTERN MIDDLE AND SOUTH AFRICA,EASTERN AND MIDDLE AFRICA,EASTERN MIDDLE AND SOUTH AFRICA,West Africa
COD,DEMOCRATIC REPUBLIC OF THE CONGO,Democratic Republic Of The Congo,EASTERN MIDDLE AND SOUTH AFRICA,EASTERN MIDDLE AND SOUTH AFRICA,EASTERN MIDDLE AND SOUTH AFRICA,EASTERN MIDDLE AND SOUTH AFRICA,EASTERN MIDDLE AND SOUTH AFRICA,EASTERN MIDDLE AND SOUTH AFRICA,EASTERN MIDDLE AND SOUTH AFRICA,EASTERN MIDDLE AND SOUTH AFRICA,EASTERN MIDDLE AND SOUTH AFRICA,EASTERN AND MIDDLE AFRICA,EASTERN MIDDLE AND SOUTH AFRICA,Central Africa
COG,CONGO,Congo,EASTERN MIDDLE AND SOUTH AFRICA,EASTERN MIDDLE AND SOUTH AFRICA,EASTERN MIDDLE AND SOUTH AFRICA,EASTERN MIDDLE AND SOUTH AFRICA,EASTERN MIDDLE AND SOUTH AFRICA,EASTERN MIDDLE AND SOUTH AFRICA,EASTERN MIDDLE AND SOUTH AFRICA,EASTERN MIDDLE AND SOUTH AFRICA,EASTERN MIDDLE AND SOUTH AFRICA,EASTERN AND MIDDLE AFRICA,EASTERN MIDDLE AND SOUTH AFRICA,Central Africa
COK,COOK ISLANDS,Cook Islands,EAST ASIA AND PACIFIC,EAST ASIA AND PACIFIC,SOUTH EASTERN ASIA AND PACIFIC,EAST ASIA AND PACIFIC,EAST ASIA AND PACIFIC,SOUTH EASTERN ASIA AND PACIFIC,EAST ASIA AND PACIFIC,EAST ASIA AND PACIFIC,SOUTH EASTERN ASIA AND PACIFIC,EAST ASIA AND PACIFIC,EAST ASIA AND PACIFIC,EAST ASIA AND PACIFIC
COL,COLOMBIA,Colombia,LATIN AMERICA AND THE CARIBBEAN,LATIN AMERICA AND THE CARIBBEAN,LATIN AMERICA AND THE CARIBBEAN,LATIN AMERICA AND THE CARIBBEAN,LATIN AMERICA AND THE CARIBBEAN,LATIN AMERICA AND THE CARIBBEAN,LATIN AMERICA AND THE CARIBBEAN,LATIN AMERICA AND THE CARIBBEAN,LATIN AMERICA AND THE CARIBBEAN,LATIN AMERICA AND THE CARIBBEAN,LATIN AMERICA AND THE CARIBBEAN,LATIN AMERICA AND THE CARIBBEAN
COM,COMOROS,Comoros,EASTERN MIDDLE AND SOUTH AFRICA,EASTERN MIDDLE AND SOUTH AFRICA,EASTERN MIDDLE AND SOUTH AFRICA,EASTERN MIDDLE AND SOUTH AFRICA,EASTERN MIDDLE AND SOUTH AFRICA,EASTERN MIDDLE AND SOUTH AFRICA,EASTERN MIDDLE AND SOUTH AFRICA,EASTERN MIDDLE AND SOUTH AFRICA,EASTERN MIDDLE AND SOUTH AFRICA,EASTERN AND MIDDLE AFRICA,EASTERN MIDDLE AND SOUTH AFRICA,East Africa
CPV,CABO VERDE,Cabo Verde,WEST AFRICA,WEST AFRICA,WEST AFRICA,WEST AFRICA,WEST AFRICA,WEST AFRICA,WEST AFRICA,WEST AFRICA,WEST AFRICA,SOUTH AND WEST AFRICA,WEST AFRICA,West Africa
CRI,COSTA RICA,Costa Rica,LATIN AMERICA AND THE CARIBBEAN,LATIN AMERICA AND THE CARIBBEAN,LATIN AMERICA AND THE CARIBBEAN,LATIN AMERICA AND THE CARIBBEAN,LATIN AMERICA AND THE CARIBBEAN,LATIN AMERICA AND THE CARIBBEAN,LATIN AMERICA AND THE CARIBBEAN,LATIN AMERICA AND THE CARIBBEAN,LATIN AMERICA AND THE CARIBBEAN,LATIN AMERICA AND THE CARIBBEAN,LATIN AMERICA AND THE CARIBBEAN,LATIN AMERICA AND THE CARIBBEAN
CUB,CUBA,Cuba,LATIN AMERICA AND THE CARIBBEAN,LATIN AMERICA AND THE CARIBBEAN,LATIN AMERICA AND THE CARIBBEAN,LATIN AMERICA AND THE CARIBBEAN,LATIN AMERICA AND THE CARIBBEAN,LATIN AMERICA AND THE CARIBBEAN,LATIN AMERICA AND THE CARIBBEAN,LATIN AMERICA AND THE CARIBBEAN,LATIN AMERICA AND THE CARIBBEAN,LATIN AMERICA AND THE CARIBBEAN,LATIN AMERICA AND THE CARIBBEAN,LATIN AMERICA AND THE CARIBBEAN
CYP,CYPRUS,Cyprus,EUROPE AND CENTRAL ASIA,EUROPE AND CENTRAL ASIA,EUROPE AND CENTRAL ASIA,High-income Western countries,High-income Western countries,High-income Western countries,EUROPE AND CENTRAL ASIA,EUROPE AND CENTRAL ASIA,EUROPE AND CENTRAL ASIA,EUROPE AND CENTRAL ASIA,High-income Western countries,High-income Western countries
CZE,CZECHIA,Czechia,EUROPE AND CENTRAL ASIA,EUROPE AND CENTRAL ASIA,EUROPE AND CENTRAL ASIA,EUROPE AND CENTRAL ASIA,EUROPE AND CENTRAL ASIA,EUROPE AND CENTRAL ASIA,More Developed Region,More Developed Region,More Developed Region,EUROPE AND CENTRAL ASIA,EUROPE AND CENTRAL ASIA,EUROPE AND CENTRAL ASIA
DEU,GERMANY,Germany,EUROPE AND CENTRAL ASIA,EUROPE AND CENTRAL ASIA,EUROPE AND CENTRAL ASIA,High-income Western countries,High-income Western countries,High-income Western countries,More Developed Region,More Developed Region,More Developed Region,EUROPE AND CENTRAL ASIA,High-income Western countries,High-income Western countries
DJI,DJIBOUTI,Djibouti,MIDDLE EAST AND NORTH AFRICA,MIDDLE EAST AND NORTH AFRICA,MIDDLE EAST AND NORTH AFRICA,MIDDLE EAST AND NORTH AFRICA,MIDDLE EAST AND NORTH AFRICA,MIDDLE EAST AND NORTH AFRICA,MIDDLE EAST AND NORTH AFRICA,MIDDLE EAST AND NORTH AFRICA,MIDDLE EAST AND NORTH AFRICA,MIDDLE EAST AND NORTH AFRICA,MIDDLE EAST AND NORTH AFRICA,East Africa
DMA,DOMINICA,Dominica,LATIN AMERICA AND THE CARIBBEAN,LATIN AMERICA AND THE CARIBBEAN,LATIN AMERICA AND THE CARIBBEAN,LATIN AMERICA AND THE CARIBBEAN,LATIN AMERICA AND THE CARIBBEAN,LATIN AMERICA AND THE CARIBBEAN,LATIN AMERICA AND THE CARIBBEAN,LATIN AMERICA AND THE CARIBBEAN,LATIN AMERICA AND THE CARIBBEAN,LATIN AMERICA AND THE CARIBBEAN,LATIN AMERICA AND THE CARIBBEAN,LATIN AMERICA AND THE CARIBBEAN
DNK,DENMARK,Denmark,EUROPE AND CENTRAL ASIA,EUROPE AND CENTRAL ASIA,EUROPE AND CENTRAL ASIA,High-income Western countries,High-income Western countries,High-income Western countries,More Developed Region,More Developed Region,More Developed Region,EUROPE AND CENTRAL ASIA,High-income Western countries,High-income Western countries
DOM,DOMINICAN REPUBLIC,Dominican Republic,LATIN AMERICA AND THE CARIBBEAN,LATIN AMERICA AND THE CARIBBEAN,LATIN AMERICA AND THE CARIBBEAN,LATIN AMERICA AND THE CARIBBEAN,LATIN AMERICA AND THE CARIBBEAN,LATIN AMERICA AND THE CARIBBEAN,LATIN AMERICA AND THE CARIBBEAN,LATIN AMERICA AND THE CARIBBEAN,LATIN AMERICA AND THE CARIBBEAN,LATIN AMERICA AND THE CARIBBEAN,LATIN AMERICA AND THE CARIBBEAN,LATIN AMERICA AND THE CARIBBEAN
DZA,ALGERIA,Algeria,MIDDLE EAST AND NORTH AFRICA,MIDDLE EAST AND NORTH AFRICA,MIDDLE EAST AND NORTH AFRICA,MIDDLE EAST AND NORTH AFRICA,MIDDLE EAST AND NORTH AFRICA,MIDDLE EAST AND NORTH AFRICA,MIDDLE EAST AND NORTH AFRICA,MIDDLE EAST AND NORTH AFRICA,MIDDLE EAST AND NORTH AFRICA,MIDDLE EAST AND NORTH AFRICA,MIDDLE EAST AND NORTH AFRICA,MIDDLE EAST AND NORTH AFRICA
ECU,ECUADOR,Ecuador,LATIN AMERICA AND THE CARIBBEAN,LATIN AMERICA AND THE CARIBBEAN,LATIN AMERICA AND THE CARIBBEAN,LATIN AMERICA AND THE CARIBBEAN,LATIN AMERICA AND THE CARIBBEAN,LATIN AMERICA AND THE CARIBBEAN,LATIN AMERICA AND THE CARIBBEAN,LATIN AMERICA AND THE CARIBBEAN,LATIN AMERICA AND THE CARIBBEAN,LATIN AMERICA AND THE CARIBBEAN,LATIN AMERICA AND THE CARIBBEAN,LATIN AMERICA AND THE CARIBBEAN
EGY,EGYPT,Egypt,MIDDLE EAST AND NORTH AFRICA,MIDDLE EAST AND NORTH AFRICA,MIDDLE EAST AND NORTH AFRICA,MIDDLE EAST AND NORTH AFRICA,MIDDLE EAST AND NORTH AFRICA,MIDDLE EAST AND NORTH AFRICA,MIDDLE EAST AND NORTH AFRICA,MIDDLE EAST AND NORTH AFRICA,MIDDLE EAST AND NORTH AFRICA,MIDDLE EAST AND NORTH AFRICA,MIDDLE EAST AND NORTH AFRICA,MIDDLE EAST AND NORTH AFRICA
ERI,ERITREA,Eritrea,EASTERN MIDDLE AND SOUTH AFRICA,EASTERN MIDDLE AND SOUTH AFRICA,EASTERN MIDDLE AND SOUTH AFRICA,EASTERN MIDDLE AND SOUTH AFRICA,EASTERN MIDDLE AND SOUTH AFRICA,EASTERN MIDDLE AND SOUTH AFRICA,EASTERN MIDDLE AND SOUTH AFRICA,EASTERN MIDDLE AND SOUTH AFRICA,EASTERN MIDDLE AND SOUTH AFRICA,EASTERN AND MIDDLE AFRICA,EASTERN MIDDLE AND SOUTH AFRICA,East Africa
ESP,SPAIN,Spain,EUROPE AND CENTRAL ASIA,EUROPE AND CENTRAL ASIA,EUROPE AND CENTRAL ASIA,High-income Western countries,High-income Western countries,High-income Western countries,More Developed Region,More Developed Region,More Developed Region,EUROPE AND CENTRAL ASIA,High-income Western countries,High-income Western countries
EST,ESTONIA,Estonia,EUROPE AND CENTRAL ASIA,EUROPE AND CENTRAL ASIA,EUROPE AND CENTRAL ASIA,EUROPE AND CENTRAL ASIA,EUROPE AND CENTRAL ASIA,EUROPE AND CENTRAL ASIA,More Developed Region,More Developed Region,More Developed Region,EUROPE AND CENTRAL ASIA,EUROPE AND CENTRAL ASIA,EUROPE AND CENTRAL ASIA
ETH,ETHIOPIA,Ethiopia,EASTERN MIDDLE AND SOUTH AFRICA,EASTERN MIDDLE AND SOUTH AFRICA,EASTERN MIDDLE AND SOUTH AFRICA,EASTERN MIDDLE AND SOUTH AFRICA,EASTERN MIDDLE AND SOUTH AFRICA,EASTERN MIDDLE AND SOUTH AFRICA,EASTERN MIDDLE AND SOUTH AFRICA,EASTERN MIDDLE AND SOUTH AFRICA,EASTERN MIDDLE AND SOUTH AFRICA,EASTERN AND MIDDLE AFRICA,EASTERN MIDDLE AND SOUTH AFRICA,East Africa
FIN,FINLAND,Finland,EUROPE AND CENTRAL ASIA,EUROPE AND CENTRAL ASIA,EUROPE AND CENTRAL ASIA,High-income Western countries,High-income Western countries,High-income Western countries,More Developed Region,More Developed Region,More Developed Region,EUROPE AND CENTRAL ASIA,High-income Western countries,High-income Western countries
FJI,FIJI,Fiji,EAST ASIA AND PACIFIC,EAST ASIA AND PACIFIC,SOUTH EASTERN ASIA AND PACIFIC,EAST ASIA AND PACIFIC,EAST ASIA AND PACIFIC,SOUTH EASTERN ASIA AND PACIFIC,EAST ASIA AND PACIFIC,EAST ASIA AND PACIFIC,SOUTH EASTERN ASIA AND PACIFIC,EAST ASIA AND PACIFIC,EAST ASIA AND PACIFIC,EAST ASIA AND PACIFIC
FRA,FRANCE,France,EUROPE AND CENTRAL ASIA,EUROPE AND CENTRAL ASIA,EUROPE AND CENTRAL ASIA,High-income Western countries,High-income Western countries,High-income Western countries,More Developed Region,More Developed Region,More Developed Region,EUROPE AND CENTRAL ASIA,High-income Western countries,High-income Western countries
FSM,MICRONESIA (FEDERATED STATES OF),Micronesia (federated States Of),EAST ASIA AND PACIFIC,EAST ASIA AND PACIFIC,SOUTH EASTERN ASIA AND PACIFIC,EAST ASIA AND PACIFIC,EAST ASIA AND PACIFIC,SOUTH EASTERN ASIA AND PACIFIC,EAST ASIA AND PACIFIC,EAST ASIA AND PACIFIC,SOUTH EASTERN ASIA AND PACIFIC,EAST ASIA AND PACIFIC,EAST ASIA AND PACIFIC,EAST ASIA AND PACIFIC
GAB,GABON,Gabon,EASTERN MIDDLE AND SOUTH AFRICA,EASTERN MIDDLE AND SOUTH AFRICA,EASTERN MIDDLE AND SOUTH AFRICA,EASTERN MIDDLE AND SOUTH AFRICA,EASTERN MIDDLE AND SOUTH AFRICA,EASTERN MIDDLE AND SOUTH AFRICA,EASTERN MIDDLE AND SOUTH AFRICA,EASTERN MIDDLE AND SOUTH AFRICA,EASTERN MIDDLE AND SOUTH AFRICA,EASTERN AND MIDDLE AFRICA,EASTERN MIDDLE AND SOUTH AFRICA,Central Africa
GBR,UNITED KINGDOM,United Kingdom,EUROPE AND CENTRAL ASIA,EUROPE AND CENTRAL ASIA,EUROPE AND CENTRAL ASIA,High-income Western countries,High-income Western countries,High-income Western countries,More Developed Region,More Developed Region,More Developed Region,EUROPE AND CENTRAL ASIA,High-income Western countries,High-income Western countries
GEO,GEORGIA,Georgia,EUROPE AND CENTRAL ASIA,EUROPE AND CENTRAL ASIA,EUROPE AND CENTRAL ASIA,EUROPE AND CENTRAL ASIA,EUROPE AND CENTRAL ASIA,EUROPE AND CENTRAL ASIA,EUROPE AND CENTRAL ASIA,EUROPE AND CENTRAL ASIA,EUROPE AND CENTRAL ASIA,EUROPE AND CENTRAL ASIA,EUROPE AND CENTRAL ASIA,EUROPE AND CENTRAL ASIA
GHA,GHANA,Ghana,WEST AFRICA,WEST AFRICA,WEST AFRICA,WEST AFRICA,WEST AFRICA,WEST AFRICA,WEST AFRICA,WEST AFRICA,WEST AFRICA,SOUTH AND WEST AFRICA,WEST AFRICA,West Africa
GIN,GUINEA,Guinea,WEST AFRICA,WEST AFRICA,WEST AFRICA,WEST AFRICA,WEST AFRICA,WEST AFRICA,WEST AFRICA,WEST AFRICA,WEST AFRICA,SOUTH AND WEST AFRICA,WEST AFRICA,West Africa
GMB,GAMBIA,Gambia,WEST AFRICA,WEST AFRICA,WEST AFRICA,WEST AFRICA,WEST AFRICA,WEST AFRICA,WEST AFRICA,WEST AFRICA,WEST AFRICA,SOUTH AND WEST AFRICA,WEST AFRICA,West Africa
GNB,GUINEA-BISSAU,Guinea-bissau,WEST AFRICA,WEST AFRICA,WEST AFRICA,WEST AFRICA,WEST AFRICA,WEST AFRICA,WEST AFRICA,WEST AFRICA,WEST AFRICA,SOUTH AND WEST AFRICA,WEST AFRICA,West Africa
GNQ,EQUATORIAL GUINEA,Equatorial Guinea,EASTERN MIDDLE AND SOUTH AFRICA,EASTERN MIDDLE AND SOUTH AFRICA,EASTERN MIDDLE AND SOUTH AFRICA,EASTERN MIDDLE AND SOUTH AFRICA,EASTERN MIDDLE AND SOUTH AFRICA,EASTERN MIDDLE AND SOUTH AFRICA,EASTERN MIDDLE AND SOUTH AFRICA,EASTERN MIDDLE AND SOUTH AFRICA,EASTERN MIDDLE AND SOUTH AFRICA,EASTERN AND MIDDLE AFRICA,EASTERN MIDDLE AND SOUTH AFRICA,Central Africa
GRC,GREECE,Greece,EUROPE AND CENTRAL ASIA,EUROPE AND CENTRAL ASIA,EUROPE AND CENTRAL ASIA,High-income Western countries,High-income Western countries,High-income Western countries,More Developed Region,More Developed Region,More Developed Region,EUROPE AND CENTRAL ASIA,High-income Western countries,High-income Western countries
GRD,GRENADA,Grenada,LATIN AMERICA AND THE CARIBBEAN,LATIN AMERICA AND THE CARIBBEAN,LATIN AMERICA AND THE CARIBBEAN,LATIN AMERICA AND THE CARIBBEAN,LATIN AMERICA AND THE CARIBBEAN,LATIN AMERICA AND THE CARIBBEAN,LATIN AMERICA AND THE CARIBBEAN,LATIN AMERICA AND THE CARIBBEAN,LATIN AMERICA AND THE CARIBBEAN,LATIN AMERICA AND THE CARIBBEAN,LATIN AMERICA AND THE CARIBBEAN,LATIN AMERICA AND THE CARIBBEAN
GRL,GREENLAND,Greenland,EUROPE AND CENTRAL ASIA,EUROPE AND CENTRAL ASIA,EUROPE AND CENTRAL ASIA,High-income Western countries,High-income Western countries,High-income Western countries,EUROPE AND CENTRAL ASIA,EUROPE AND CENTRAL ASIA,EUROPE AND CENTRAL ASIA,EUROPE AND CENTRAL ASIA,High-income Western countries,High-income Western countries
GTM,GUATEMALA,Guatemala,LATIN AMERICA AND THE CARIBBEAN,LATIN AMERICA AND THE CARIBBEAN,LATIN AMERICA AND THE CARIBBEAN,LATIN AMERICA AND THE CARIBBEAN,LATIN AMERICA AND THE CARIBBEAN,LATIN AMERICA AND THE CARIBBEAN,LATIN AMERICA AND THE CARIBBEAN,LATIN AMERICA AND THE CARIBBEAN,LATIN AMERICA AND THE CARIBBEAN,LATIN AMERICA AND THE CARIBBEAN,LATIN AMERICA AND THE CARIBBEAN,LATIN AMERICA AND THE CARIBBEAN
GUM,GUAM,Guam,EAST ASIA AND PACIFIC,EAST ASIA AND PACIFIC,SOUTH EASTERN ASIA AND PACIFIC,EAST ASIA AND PACIFIC,EAST ASIA AND PACIFIC,SOUTH EASTERN ASIA AND PACIFIC,EAST ASIA AND PACIFIC,EAST ASIA AND PACIFIC,SOUTH EASTERN ASIA AND PACIFIC,EAST ASIA AND PACIFIC,EAST ASIA AND PACIFIC,EAST ASIA AND PACIFIC
GUY,GUYANA,Guyana,LATIN AMERICA AND THE CARIBBEAN,LATIN AMERICA AND THE CARIBBEAN,LATIN AMERICA AND THE CARIBBEAN,LATIN AMERICA AND THE CARIBBEAN,LATIN AMERICA AND THE CARIBBEAN,LATIN AMERICA AND THE CARIBBEAN,LATIN AMERICA AND THE CARIBBEAN,LATIN AMERICA AND THE CARIBBEAN,LATIN AMERICA AND THE CARIBBEAN,LATIN AMERICA AND THE CARIBBEAN,LATIN AMERICA AND THE CARIBBEAN,LATIN AMERICA AND THE CARIBBEAN
HND,HONDURAS,Honduras,LATIN AMERICA AND THE CARIBBEAN,LATIN AMERICA AND THE CARIBBEAN,LATIN AMERICA AND THE CARIBBEAN,LATIN AMERICA AND THE CARIBBEAN,LATIN AMERICA AND THE CARIBBEAN,LATIN AMERICA AND THE CARIBBEAN,LATIN AMERICA AND THE CARIBBEAN,LATIN AMERICA AND THE CARIBBEAN,LATIN AMERICA AND THE CARIBBEAN,LATIN AMERICA AND THE CARIBBEAN,LATIN AMERICA AND THE CARIBBEAN,LATIN AMERICA AND THE CARIBBEAN
HRV,CROATIA,Croatia,EUROPE AND CENTRAL ASIA,EUROPE AND CENTRAL ASIA,EUROPE AND CENTRAL ASIA,EUROPE AND CENTRAL ASIA,EUROPE AND CENTRAL ASIA,EUROPE AND CENTRAL ASIA,More Developed Region,More Developed Region,More Developed Region,EUROPE AND CENTRAL ASIA,EUROPE AND CENTRAL ASIA,EUROPE AND CENTRAL ASIA
HTI,HAITI,Haiti,LATIN AMERICA AND THE CARIBBEAN,LATIN AMERICA AND THE CARIBBEAN,LATIN AMERICA AND THE CARIBBEAN,LATIN AMERICA AND THE CARIBBEAN,LATIN AMERICA AND THE CARIBBEAN,LATIN AMERICA AND THE CARIBBEAN,LATIN AMERICA AND THE CARIBBEAN,LATIN AMERICA AND THE CARIBBEAN,LATIN AMERICA AND THE CARIBBEAN,LATIN AMERICA AND THE CARIBBEAN,LATIN AMERICA AND THE CARIBBEAN,LATIN AMERICA AND THE CARIBBEAN
HUN,HUNGARY,Hungary,EUROPE AND CENTRAL ASIA,EUROPE AND CENTRAL ASIA,EUROPE AND CENTRAL ASIA,EUROPE AND CENTRAL ASIA,EUROPE AND CENTRAL ASIA,EUROPE AND CENTRAL ASIA,More Developed Region,More Developed Region,More Developed Region,EUROPE AND CENTRAL ASIA,EUROPE AND CENTRAL ASIA,EUROPE AND CENTRAL ASIA
IDN,INDONESIA,Indonesia,EAST ASIA AND PACIFIC,SOUTH AND SOUTH EASTERN ASIA,SOUTH EASTERN ASIA AND PACIFIC,EAST ASIA AND PACIFIC,SOUTH AND SOUTH EASTERN ASIA,SOUTH EASTERN ASIA AND PACIFIC,EAST ASIA AND PACIFIC,SOUTH AND SOUTH EASTERN ASIA,SOUTH EASTERN ASIA AND PACIFIC,EAST ASIA AND PACIFIC,EAST ASIA AND PACIFIC,EAST ASIA AND PACIFIC
IND,INDIA,India,SOUTH ASIA,SOUTH AND SOUTH EASTERN ASIA,SOUTH AND EAST ASIA,SOUTH ASIA,SOUTH AND SOUTH EASTERN ASIA,SOUTH AND EAST ASIA,SOUTH ASIA,SOUTH AND SOUTH EASTERN ASIA,SOUTH AND EAST ASIA,SOUTH ASIA,SOUTH ASIA,SOUTH ASIA
IRL,IRELAND,Ireland,EUROPE AND CENTRAL ASIA,EUROPE AND CENTRAL ASIA,EUROPE AND CENTRAL ASIA,High-income Western countries,High-income Western countries,High-income Western countries,More Developed Region,More Developed Region,More Developed Region,EUROPE AND CENTRAL ASIA,High-income Western countries,High-income Western countries
IRN,IRAN (ISLAMIC REPUBLIC OF),Iran (islamic Republic Of),MIDDLE EAST AND NORTH AFRICA,MIDDLE EAST AND NORTH AFRICA,MIDDLE EAST AND NORTH AFRICA,MIDDLE EAST AND NORTH AFRICA,MIDDLE EAST AND NORTH AFRICA,MIDDLE EAST AND NORTH AFRICA,MIDDLE EAST AND NORTH AFRICA,MIDDLE EAST AND NORTH AFRICA,MIDDLE EAST AND NORTH AFRICA,MIDDLE EAST AND NORTH AFRICA,MIDDLE EAST AND NORTH AFRICA,MIDDLE EAST AND NORTH AFRICA
IRQ,IRAQ,Iraq,MIDDLE EAST AND NORTH AFRICA,MIDDLE EAST AND NORTH AFRICA,MIDDLE EAST AND NORTH AFRICA,MIDDLE EAST AND NORTH AFRICA,MIDDLE EAST AND NORTH AFRICA,MIDDLE EAST AND NORTH AFRICA,MIDDLE EAST AND NORTH AFRICA,MIDDLE EAST AND NORTH AFRICA,MIDDLE EAST AND NORTH AFRICA,MIDDLE EAST AND NORTH AFRICA,MIDDLE EAST AND NORTH AFRICA,MIDDLE EAST AND NORTH AFRICA
ISL,ICELAND,Iceland,EUROPE AND CENTRAL ASIA,EUROPE AND CENTRAL ASIA,EUROPE AND CENTRAL ASIA,High-income Western countries,High-income Western countries,High-income Western countries,More Developed Region,More Developed Region,More Developed Region,EUROPE AND CENTRAL ASIA,High-income Western countries,High-income Western countries
ISR,ISRAEL,Israel,MIDDLE EAST AND NORTH AFRICA,MIDDLE EAST AND NORTH AFRICA,MIDDLE EAST AND NORTH AFRICA,High-income Western countries,High-income Western countries,High-income Western countries,MIDDLE EAST AND NORTH AFRICA,MIDDLE EAST AND NORTH AFRICA,MIDDLE EAST AND NORTH AFRICA,MIDDLE EAST AND NORTH AFRICA,High-income Western countries,High-income Western countries
ITA,ITALY,Italy,EUROPE AND CENTRAL ASIA,EUROPE AND CENTRAL ASIA,EUROPE AND CENTRAL ASIA,High-income Western countries,High-income Western countries,High-income Western countries,More Developed Region,More Developed Region,More Developed Region,EUROPE AND CENTRAL ASIA,High-income Western countries,High-income Western countries
JAM,JAMAICA,Jamaica,LATIN AMERICA AND THE CARIBBEAN,LATIN AMERICA AND THE CARIBBEAN,LATIN AMERICA AND THE CARIBBEAN,LATIN AMERICA AND THE CARIBBEAN,LATIN AMERICA AND THE CARIBBEAN,LATIN AMERICA AND THE CARIBBEAN,LATIN AMERICA AND THE CARIBBEAN,LATIN AMERICA AND THE CARIBBEAN,LATIN AMERICA AND THE CARIBBEAN,LATIN AMERICA AND THE CARIBBEAN,LATIN AMERICA AND THE CARIBBEAN,LATIN AMERICA AND THE CARIBBEAN
JOR,JORDAN,Jordan,MIDDLE EAST AND NORTH AFRICA,MIDDLE EAST AND NORTH AFRICA,MIDDLE EAST AND NORTH AFRICA,MIDDLE EAST AND NORTH AFRICA,MIDDLE EAST AND NORTH AFRICA,MIDDLE EAST AND NORTH AFRICA,MIDDLE EAST AND NORTH AFRICA,MIDDLE EAST AND NORTH AFRICA,MIDDLE EAST AND NORTH AFRICA,MIDDLE EAST AND NORTH AFRICA,MIDDLE EAST AND NORTH AFRICA,MIDDLE EAST AND NORTH AFRICA
JPN,JAPAN,Japan,EAST ASIA AND PACIFIC,EAST ASIA AND PACIFIC,SOUTH AND EAST ASIA,EAST ASIA AND PACIFIC,EAST ASIA AND PACIFIC,SOUTH AND EAST ASIA,More Developed Region,More Developed Region,More Developed Region,EAST ASIA AND PACIFIC,EAST ASIA AND PACIFIC,EAST ASIA AND PACIFIC
KAZ,KAZAKHSTAN,Kazakhstan,EUROPE AND CENTRAL ASIA,EUROPE AND CENTRAL ASIA,EUROPE AND CENTRAL ASIA,EUROPE AND CENTRAL ASIA,EUROPE AND CENTRAL ASIA,EUROPE AND CENTRAL ASIA,EUROPE AND CENTRAL ASIA,EUROPE AND CENTRAL ASIA,EUROPE AND CENTRAL ASIA,EUROPE AND CENTRAL ASIA,EUROPE AND CENTRAL ASIA,EUROPE AND CENTRAL ASIA
KEN,KENYA,Kenya,EASTERN MIDDLE AND SOUTH AFRICA,EASTERN MIDDLE AND SOUTH AFRICA,EASTERN MIDDLE AND SOUTH AFRICA,EASTERN MIDDLE AND SOUTH AFRICA,EASTERN MIDDLE AND SOUTH AFRICA,EASTERN MIDDLE AND SOUTH AFRICA,EASTERN MIDDLE AND SOUTH AFRICA,EASTERN MIDDLE AND SOUTH AFRICA,EASTERN MIDDLE AND SOUTH AFRICA,EASTERN AND MIDDLE AFRICA,EASTERN MIDDLE AND SOUTH AFRICA,East Africa
KGZ,KYRGYZSTAN,Kyrgyzstan,EUROPE AND CENTRAL ASIA,EUROPE AND CENTRAL ASIA,EUROPE AND CENTRAL ASIA,EUROPE AND CENTRAL ASIA,EUROPE AND CENTRAL ASIA,EUROPE AND CENTRAL ASIA,EUROPE AND CENTRAL ASIA,EUROPE AND CENTRAL ASIA,EUROPE AND CENTRAL ASIA,EUROPE AND CENTRAL ASIA,EUROPE AND CENTRAL ASIA,EUROPE AND CENTRAL ASIA
KHM,CAMBODIA,Cambodia,EAST ASIA AND PACIFIC,SOUTH AND SOUTH EASTERN ASIA,SOUTH EASTERN ASIA AND PACIFIC,EAST ASIA AND PACIFIC,SOUTH AND SOUTH EASTERN ASIA,SOUTH EASTERN ASIA AND PACIFIC,EAST ASIA AND PACIFIC,SOUTH AND SOUTH EASTERN ASIA,SOUTH EASTERN ASIA AND PACIFIC,EAST ASIA AND PACIFIC,EAST ASIA AND PACIFIC,EAST ASIA AND PACIFIC
KIR,KIRIBATI,Kiribati,EAST ASIA AND PACIFIC,EAST ASIA AND PACIFIC,SOUTH EASTERN ASIA AND PACIFIC,EAST ASIA AND PACIFIC,EAST ASIA AND PACIFIC,SOUTH EASTERN ASIA AND PACIFIC,EAST ASIA AND PACIFIC,EAST ASIA AND PACIFIC,SOUTH EASTERN ASIA AND PACIFIC,EAST ASIA AND PACIFIC,EAST ASIA AND PACIFIC,EAST ASIA AND PACIFIC
KNA,SAINT KITTS AND NEVIS,Saint Kitts And Nevis,LATIN AMERICA AND THE CARIBBEAN,LATIN AMERICA AND THE CARIBBEAN,LATIN AMERICA AND THE CARIBBEAN,LATIN AMERICA AND THE CARIBBEAN,LATIN AMERICA AND THE CARIBBEAN,LATIN AMERICA AND THE CARIBBEAN,LATIN AMERICA AND THE CARIBBEAN,LATIN AMERICA AND THE CARIBBEAN,LATIN AMERICA AND THE CARIBBEAN,LATIN AMERICA AND THE CARIBBEAN,LATIN AMERICA AND THE CARIBBEAN,LATIN AMERICA AND THE CARIBBEAN
KOR,REPUBLIC OF KOREA,Republic Of Korea,EAST ASIA AND PACIFIC,EAST ASIA AND PACIFIC,SOUTH AND EAST ASIA,EAST ASIA AND PACIFIC,EAST ASIA AND PACIFIC,SOUTH AND EAST ASIA,EAST ASIA AND PACIFIC,EAST ASIA AND PACIFIC,SOUTH AND EAST ASIA,EAST ASIA AND PACIFIC,EAST ASIA AND PACIFIC,EAST ASIA AND PACIFIC
KWT,KUWAIT,Kuwait,MIDDLE EAST AND NORTH AFRICA,MIDDLE EAST AND NORTH AFRICA,MIDDLE EAST AND NORTH AFRICA,MIDDLE EAST AND NORTH AFRICA,MIDDLE EAST AND NORTH AFRICA,MIDDLE EAST AND NORTH AFRICA,MIDDLE EAST AND NORTH AFRICA,MIDDLE EAST AND NORTH AFRICA,MIDDLE EAST AND NORTH AFRICA,MIDDLE EAST AND NORTH AFRICA,MIDDLE EAST AND NORTH AFRICA,MIDDLE EAST AND NORTH AFRICA
LAO,LAO PEOPLE'S DEMOCRATIC REPUBLIC,Lao People's Democratic Republic,EAST ASIA AND PACIFIC,SOUTH AND SOUTH EASTERN ASIA,SOUTH EASTERN ASIA AND PACIFIC,EAST ASIA AND PACIFIC,SOUTH AND SOUTH EASTERN ASIA,SOUTH EASTERN ASIA AND PACIFIC,EAST ASIA AND PACIFIC,SOUTH AND SOUTH EASTERN ASIA,SOUTH EASTERN ASIA AND PACIFIC,EAST ASIA AND PACIFIC,EAST ASIA AND PACIFIC,EAST ASIA AND PACIFIC
LBN,LEBANON,Lebanon,MIDDLE EAST AND NORTH AFRICA,MIDDLE EAST AND NORTH AFRICA,MIDDLE EAST AND NORTH AFRICA,MIDDLE EAST AND NORTH AFRICA,MIDDLE EAST AND NORTH AFRICA,MIDDLE EAST AND NORTH AFRICA,MIDDLE EAST AND NORTH AFRICA,MIDDLE EAST AND NORTH AFRICA,MIDDLE EAST AND NORTH AFRICA,MIDDLE EAST AND NORTH AFRICA,MIDDLE EAST AND NORTH AFRICA,MIDDLE EAST AND NORTH AFRICA
LBR,LIBERIA,Liberia,WEST AFRICA,WEST AFRICA,WEST AFRICA,WEST AFRICA,WEST AFRICA,WEST AFRICA,WEST AFRICA,WEST AFRICA,WEST AFRICA,SOUTH AND WEST AFRICA,WEST AFRICA,West Africa
LBY,LIBYA,Libya,MIDDLE EAST AND NORTH AFRICA,MIDDLE EAST AND NORTH AFRICA,MIDDLE EAST AND NORTH AFRICA,MIDDLE EAST AND NORTH AFRICA,MIDDLE EAST AND NORTH AFRICA,MIDDLE EAST AND NORTH AFRICA,MIDDLE EAST AND NORTH AFRICA,MIDDLE EAST AND NORTH AFRICA,MIDDLE EAST AND NORTH AFRICA,MIDDLE EAST AND NORTH AFRICA,MIDDLE EAST AND NORTH AFRICA,MIDDLE EAST AND NORTH AFRICA
LCA,SAINT LUCIA,Saint Lucia,LATIN AMERICA AND THE CARIBBEAN,LATIN AMERICA AND THE CARIBBEAN,LATIN AMERICA AND THE CARIBBEAN,LATIN AMERICA AND THE CARIBBEAN,LATIN AMERICA AND THE CARIBBEAN,LATIN AMERICA AND THE CARIBBEAN,LATIN AMERICA AND THE CARIBBEAN,LATIN AMERICA AND THE CARIBBEAN,LATIN AMERICA AND THE CARIBBEAN,LATIN AMERICA AND THE CARIBBEAN,LATIN AMERICA AND THE CARIBBEAN,LATIN AMERICA AND THE CARIBBEAN
LKA,SRI LANKA,Sri Lanka,SOUTH ASIA,SOUTH AND SOUTH EASTERN ASIA,SOUTH AND EAST ASIA,SOUTH ASIA,SOUTH AND SOUTH EASTERN ASIA,SOUTH AND EAST ASIA,SOUTH ASIA,SOUTH AND SOUTH EASTERN ASIA,SOUTH AND EAST ASIA,SOUTH ASIA,SOUTH ASIA,SOUTH ASIA
LSO,LESOTHO,Lesotho,EASTERN MIDDLE AND SOUTH AFRICA,EASTERN MIDDLE AND SOUTH AFRICA,EASTERN MIDDLE AND SOUTH AFRICA,EASTERN MIDDLE AND SOUTH AFRICA,EASTERN MIDDLE AND SOUTH AFRICA,EASTERN MIDDLE AND SOUTH AFRICA,EASTERN MIDDLE AND SOUTH AFRICA,EASTERN MIDDLE AND SOUTH AFRICA,EASTERN MIDDLE AND SOUTH AFRICA,SOUTH AND WEST AFRICA,EASTERN MIDDLE AND SOUTH AFRICA,Southern Africa
LTU,LITHUANIA,Lithuania,EUROPE AND CENTRAL ASIA,EUROPE AND CENTRAL ASIA,EUROPE AND CENTRAL ASIA,EUROPE AND CENTRAL ASIA,EUROPE AND CENTRAL ASIA,EUROPE AND CENTRAL ASIA,More Developed Region,More Developed Region,More Developed Region,EUROPE AND CENTRAL ASIA,EUROPE AND CENTRAL ASIA,EUROPE AND CENTRAL ASIA
LUX,LUXEMBOURG,Luxembourg,EUROPE AND CENTRAL ASIA,EUROPE AND CENTRAL ASIA,EUROPE AND CENTRAL ASIA,High-income Western countries,High-income Western countries,High-income Western countries,More Developed Region,More Developed Region,More Developed Region,EUROPE AND CENTRAL ASIA,High-income Western countries,High-income Western countries
LVA,LATVIA,Latvia,EUROPE AND CENTRAL ASIA,EUROPE AND CENTRAL ASIA,EUROPE AND CENTRAL ASIA,EUROPE AND CENTRAL ASIA,EUROPE AND CENTRAL ASIA,EUROPE AND CENTRAL ASIA,More Developed Region,More Developed Region,More Developed Region,EUROPE AND CENTRAL ASIA,EUROPE AND CENTRAL ASIA,EUROPE AND CENTRAL ASIA
MAR,MOROCCO,Morocco,MIDDLE EAST AND NORTH AFRICA,MIDDLE EAST AND NORTH AFRICA,MIDDLE EAST AND NORTH AFRICA,MIDDLE EAST AND NORTH AFRICA,MIDDLE EAST AND NORTH AFRICA,MIDDLE EAST AND NORTH AFRICA,More Developed Region,More Developed Region,More Developed Region,MIDDLE EAST AND NORTH AFRICA,MIDDLE EAST AND NORTH AFRICA,MIDDLE EAST AND NORTH AFRICA
MCO,MONACO,Monaco,EUROPE AND CENTRAL ASIA,EUROPE AND CENTRAL ASIA,EUROPE AND CENTRAL ASIA,High-income Western countries,High-income Western countries,High-income Western countries,More Developed Region,More Developed Region,More Developed Region,EUROPE AND CENTRAL ASIA,High-income Western countries,High-income Western countries
MDA,REPUBLIC OF MOLDOVA,Republic Of Moldova,EUROPE AND CENTRAL ASIA,EUROPE AND CENTRAL ASIA,EUROPE AND CENTRAL ASIA,EUROPE AND CENTRAL ASIA,EUROPE AND CENTRAL ASIA,EUROPE AND CENTRAL ASIA,More Developed Region,More Developed Region,More Developed Region,EUROPE AND CENTRAL ASIA,EUROPE AND CENTRAL ASIA,EUROPE AND CENTRAL ASIA
MDG,MADAGASCAR,Madagascar,EASTERN MIDDLE AND SOUTH AFRICA,EASTERN MIDDLE AND SOUTH AFRICA,EASTERN MIDDLE AND SOUTH AFRICA,EASTERN MIDDLE AND SOUTH AFRICA,EASTERN MIDDLE AND SOUTH AFRICA,EASTERN MIDDLE AND SOUTH AFRICA,EASTERN MIDDLE AND SOUTH AFRICA,EASTERN MIDDLE AND SOUTH AFRICA,EASTERN MIDDLE AND SOUTH AFRICA,EASTERN AND MIDDLE AFRICA,EASTERN MIDDLE AND SOUTH AFRICA,East Africa
MDV,MALDIVES,Maldives,SOUTH ASIA,SOUTH AND SOUTH EASTERN ASIA,SOUTH AND EAST ASIA,SOUTH ASIA,SOUTH AND SOUTH EASTERN ASIA,SOUTH AND EAST ASIA,SOUTH ASIA,SOUTH AND SOUTH EASTERN ASIA,SOUTH AND EAST ASIA,SOUTH ASIA,SOUTH ASIA,SOUTH ASIA
MEX,MEXICO,Mexico,LATIN AMERICA AND THE CARIBBEAN,LATIN AMERICA AND THE CARIBBEAN,LATIN AMERICA AND THE CARIBBEAN,LATIN AMERICA AND THE CARIBBEAN,LATIN AMERICA AND THE CARIBBEAN,LATIN AMERICA AND THE CARIBBEAN,LATIN AMERICA AND THE CARIBBEAN,LATIN AMERICA AND THE CARIBBEAN,LATIN AMERICA AND THE CARIBBEAN,LATIN AMERICA AND THE CARIBBEAN,LATIN AMERICA AND THE CARIBBEAN,LATIN AMERICA AND THE CARIBBEAN
MHL,MARSHALL ISLANDS,Marshall Islands,EAST ASIA AND PACIFIC,EAST ASIA AND PACIFIC,SOUTH EASTERN ASIA AND PACIFIC,EAST ASIA AND PACIFIC,EAST ASIA AND PACIFIC,SOUTH EASTERN ASIA AND PACIFIC,EAST ASIA AND PACIFIC,EAST ASIA AND PACIFIC,SOUTH EASTERN ASIA AND PACIFIC,EAST ASIA AND PACIFIC,EAST ASIA AND PACIFIC,EAST ASIA AND PACIFIC
MKD,NORTH MACEDONIA,North Macedonia,EUROPE AND CENTRAL ASIA,EUROPE AND CENTRAL ASIA,EUROPE AND CENTRAL ASIA,EUROPE AND CENTRAL ASIA,EUROPE AND CENTRAL ASIA,EUROPE AND CENTRAL ASIA,More Developed Region,More Developed Region,More Developed Region,EUROPE AND CENTRAL ASIA,EUROPE AND CENTRAL ASIA,EUROPE AND CENTRAL ASIA
MLI,MALI,Mali,WEST AFRICA,WEST AFRICA,WEST AFRICA,WEST AFRICA,WEST AFRICA,WEST AFRICA,WEST AFRICA,WEST AFRICA,WEST AFRICA,SOUTH AND WEST AFRICA,WEST AFRICA,West Africa
MLT,MALTA,Malta,MIDDLE EAST AND NORTH AFRICA,MIDDLE EAST AND NORTH AFRICA,MIDDLE EAST AND NORTH AFRICA,High-income Western countries,High-income Western countries,High-income Western countries,More Developed Region,More Developed Region,More Developed Region,MIDDLE EAST AND NORTH AFRICA,High-income Western countries,High-income Western countries
MMR,MYANMAR,Myanmar,EAST ASIA AND PACIFIC,SOUTH AND SOUTH EASTERN ASIA,SOUTH EASTERN ASIA AND PACIFIC,EAST ASIA AND PACIFIC,SOUTH AND SOUTH EASTERN ASIA,SOUTH EASTERN ASIA AND PACIFIC,EAST ASIA AND PACIFIC,SOUTH AND SOUTH EASTERN ASIA,SOUTH EASTERN ASIA AND PACIFIC,EAST ASIA AND PACIFIC,EAST ASIA AND PACIFIC,EAST ASIA AND PACIFIC
MNE,MONTENEGRO,Montenegro,EUROPE AND CENTRAL ASIA,EUROPE AND CENTRAL ASIA,EUROPE AND CENTRAL ASIA,EUROPE AND CENTRAL ASIA,EUROPE AND CENTRAL ASIA,EUROPE AND CENTRAL ASIA,More Developed Region,More Developed Region,More Developed Region,EUROPE AND CENTRAL ASIA,EUROPE AND CENTRAL ASIA,EUROPE AND CENTRAL ASIA
MNG,MONGOLIA,Mongolia,EAST ASIA AND PACIFIC,EAST ASIA AND PACIFIC,SOUTH AND EAST ASIA,EAST ASIA AND PACIFIC,EAST ASIA AND PACIFIC,SOUTH AND EAST ASIA,EAST ASIA AND PACIFIC,EAST ASIA AND PACIFIC,SOUTH AND EAST ASIA,EAST ASIA AND PACIFIC,EAST ASIA AND PACIFIC,EAST ASIA AND PACIFIC
MNP,NORTHERN MARIANA ISLANDS,Northern Mariana Islands,EAST ASIA AND PACIFIC,EAST ASIA AND PACIFIC,SOUTH EASTERN ASIA AND PACIFIC,EAST ASIA AND PACIFIC,EAST ASIA AND PACIFIC,SOUTH EASTERN ASIA AND PACIFIC,EAST ASIA AND PACIFIC,EAST ASIA AND PACIFIC,SOUTH EASTERN ASIA AND PACIFIC,EAST ASIA AND PACIFIC,EAST ASIA AND PACIFIC,EAST ASIA AND PACIFIC
MOZ,MOZAMBIQUE,Mozambique,EASTERN MIDDLE AND SOUTH AFRICA,EASTERN MIDDLE AND SOUTH AFRICA,EASTERN MIDDLE AND SOUTH AFRICA,EASTERN MIDDLE AND SOUTH AFRICA,EASTERN MIDDLE AND SOUTH AFRICA,EASTERN MIDDLE AND SOUTH AFRICA,EASTERN MIDDLE AND SOUTH AFRICA,EASTERN MIDDLE AND SOUTH AFRICA,EASTERN MIDDLE AND SOUTH AFRICA,EASTERN AND MIDDLE AFRICA,EASTERN MIDDLE AND SOUTH AFRICA,East Africa
MRT,MAURITANIA,Mauritania,WEST AFRICA,WEST AFRICA,WEST AFRICA,WEST AFRICA,WEST AFRICA,WEST AFRICA,WEST AFRICA,WEST AFRICA,WEST AFRICA,SOUTH AND WEST AFRICA,WEST AFRICA,West Africa
MUS,MAURITIUS,Mauritius,EASTERN MIDDLE AND SOUTH AFRICA,EASTERN MIDDLE AND SOUTH AFRICA,EASTERN MIDDLE AND SOUTH AFRICA,EASTERN MIDDLE AND SOUTH AFRICA,EASTERN MIDDLE AND SOUTH AFRICA,EASTERN MIDDLE AND SOUTH AFRICA,EASTERN MIDDLE AND SOUTH AFRICA,EASTERN MIDDLE AND SOUTH AFRICA,EASTERN MIDDLE AND SOUTH AFRICA,EASTERN AND MIDDLE AFRICA,EASTERN MIDDLE AND SOUTH AFRICA,East Africa
MWI,MALAWI,Malawi,EASTERN MIDDLE AND SOUTH AFRICA,EASTERN MIDDLE AND SOUTH AFRICA,EASTERN MIDDLE AND SOUTH AFRICA,EASTERN MIDDLE AND SOUTH AFRICA,EASTERN MIDDLE AND SOUTH AFRICA,EASTERN MIDDLE AND SOUTH AFRICA,EASTERN MIDDLE AND SOUTH AFRICA,EASTERN MIDDLE AND SOUTH AFRICA,EASTERN MIDDLE AND SOUTH AFRICA,EASTERN AND MIDDLE AFRICA,EASTERN MIDDLE AND SOUTH AFRICA,East Africa
MYS,MALAYSIA,Malaysia,EAST ASIA AND PACIFIC,SOUTH AND SOUTH EASTERN ASIA,SOUTH EASTERN ASIA AND PACIFIC,EAST ASIA AND PACIFIC,SOUTH AND SOUTH EASTERN ASIA,SOUTH EASTERN ASIA AND PACIFIC,EAST ASIA AND PACIFIC,SOUTH AND SOUTH EASTERN ASIA,SOUTH EASTERN ASIA AND PACIFIC,EAST ASIA AND PACIFIC,EAST ASIA AND PACIFIC,EAST ASIA AND PACIFIC
NAM,NAMIBIA,Namibia,EASTERN MIDDLE AND SOUTH AFRICA,EASTERN MIDDLE AND SOUTH AFRICA,EASTERN MIDDLE AND SOUTH AFRICA,EASTERN MIDDLE AND SOUTH AFRICA,EASTERN MIDDLE AND SOUTH AFRICA,EASTERN MIDDLE AND SOUTH AFRICA,EASTERN MIDDLE AND SOUTH AFRICA,EASTERN MIDDLE AND SOUTH AFRICA,EASTERN MIDDLE AND SOUTH AFRICA,SOUTH AND WEST AFRICA,EASTERN MIDDLE AND SOUTH AFRICA,Southern Africa
NER,NIGER,Niger,WEST AFRICA,WEST AFRICA,WEST AFRICA,WEST AFRICA,WEST AFRICA,WEST AFRICA,WEST AFRICA,WEST AFRICA,WEST AFRICA,SOUTH AND WEST AFRICA,WEST AFRICA,West Africa
NGA,NIGERIA,Nigeria,WEST AFRICA,WEST AFRICA,WEST AFRICA,WEST AFRICA,WEST AFRICA,WEST AFRICA,WEST AFRICA,WEST AFRICA,WEST AFRICA,SOUTH AND WEST AFRICA,WEST AFRICA,West Africa
NIC,NICARAGUA,Nicaragua,LATIN AMERICA AND THE CARIBBEAN,LATIN AMERICA AND THE CARIBBEAN,LATIN AMERICA AND THE CARIBBEAN,LATIN AMERICA AND THE CARIBBEAN,LATIN AMERICA AND THE CARIBBEAN,LATIN AMERICA AND THE CARIBBEAN,LATIN AMERICA AND THE CARIBBEAN,LATIN AMERICA AND THE CARIBBEAN,LATIN AMERICA AND THE CARIBBEAN,LATIN AMERICA AND THE CARIBBEAN,LATIN AMERICA AND THE CARIBBEAN,LATIN AMERICA AND THE CARIBBEAN
NIU,NIUE,Niue,EAST ASIA AND PACIFIC,EAST ASIA AND PACIFIC,SOUTH EASTERN ASIA AND PACIFIC,EAST ASIA AND PACIFIC,EAST ASIA AND PACIFIC,SOUTH EASTERN ASIA AND PACIFIC,EAST ASIA AND PACIFIC,EAST ASIA AND PACIFIC,SOUTH EASTERN ASIA AND PACIFIC,EAST ASIA AND PACIFIC,EAST ASIA AND PACIFIC,EAST ASIA AND PACIFIC
NLD,NETHERLANDS,Netherlands,EUROPE AND CENTRAL ASIA,EUROPE AND CENTRAL ASIA,EUROPE AND CENTRAL ASIA,High-income Western countries,High-income Western countries,High-income Western countries,More Developed Region,More Developed Region,More Developed Region,EUROPE AND CENTRAL ASIA,High-income Western countries,High-income Western countries
NOR,NORWAY,Norway,EUROPE AND CENTRAL ASIA,EUROPE AND CENTRAL ASIA,EUROPE AND CENTRAL ASIA,High-income Western countries,High-income Western countries,High-income Western countries,More Developed Region,More Developed Region,More Developed Region,EUROPE AND CENTRAL ASIA,High-income Western countries,High-income Western countries
NPL,NEPAL,Nepal,SOUTH ASIA,SOUTH AND SOUTH EASTERN ASIA,SOUTH AND EAST ASIA,SOUTH ASIA,SOUTH AND SOUTH EASTERN ASIA,SOUTH AND EAST ASIA,SOUTH ASIA,SOUTH AND SOUTH EASTERN ASIA,SOUTH AND EAST ASIA,SOUTH ASIA,SOUTH ASIA,SOUTH ASIA
NRU,NAURU,Nauru,EAST ASIA AND PACIFIC,EAST ASIA AND PACIFIC,SOUTH EASTERN ASIA AND PACIFIC,EAST ASIA AND PACIFIC,EAST ASIA AND PACIFIC,SOUTH EASTERN ASIA AND PACIFIC,EAST ASIA AND PACIFIC,EAST ASIA AND PACIFIC,SOUTH EASTERN ASIA AND PACIFIC,EAST ASIA AND PACIFIC,EAST ASIA AND PACIFIC,EAST ASIA AND PACIFIC
NZL,NEW ZEALAND,New Zealand,EAST ASIA AND PACIFIC,EAST ASIA AND PACIFIC,SOUTH EASTERN ASIA AND PACIFIC,High-income Western countries,High-income Western countries,High-income Western countries,More Developed Region,More Developed Region,More Developed Region,EAST ASIA AND PACIFIC,High-income Western countries,High-income Western countries
OMN,OMAN,Oman,MIDDLE EAST AND NORTH AFRICA,MIDDLE EAST AND NORTH AFRICA,MIDDLE EAST AND NORTH AFRICA,MIDDLE EAST AND NORTH AFRICA,MIDDLE EAST AND NORTH AFRICA,MIDDLE EAST AND NORTH AFRICA,MIDDLE EAST AND NORTH AFRICA,MIDDLE EAST AND NORTH AFRICA,MIDDLE EAST AND NORTH AFRICA,MIDDLE EAST AND NORTH AFRICA,MIDDLE EAST AND NORTH AFRICA,MIDDLE EAST AND NORTH AFRICA
PAK,PAKISTAN,Pakistan,SOUTH ASIA,SOUTH AND SOUTH EASTERN ASIA,SOUTH AND EAST ASIA,SOUTH ASIA,SOUTH AND SOUTH EASTERN ASIA,SOUTH AND EAST ASIA,SOUTH ASIA,SOUTH AND SOUTH EASTERN ASIA,SOUTH AND EAST ASIA,SOUTH ASIA,SOUTH ASIA,SOUTH ASIA
PAN,PANAMA,Panama,LATIN AMERICA AND THE CARIBBEAN,LATIN AMERICA AND THE CARIBBEAN,LATIN AMERICA AND THE CARIBBEAN,LATIN AMERICA AND THE CARIBBEAN,LATIN AMERICA AND THE CARIBBEAN,LATIN AMERICA AND THE CARIBBEAN,LATIN AMERICA AND THE CARIBBEAN,LATIN AMERICA AND THE CARIBBEAN,LATIN AMERICA AND THE CARIBBEAN,LATIN AMERICA AND THE CARIBBEAN,LATIN AMERICA AND THE CARIBBEAN,LATIN AMERICA AND THE CARIBBEAN
PER,PERU,Peru,LATIN AMERICA AND THE CARIBBEAN,LATIN AMERICA AND THE CARIBBEAN,LATIN AMERICA AND THE CARIBBEAN,LATIN AMERICA AND THE CARIBBEAN,LATIN AMERICA AND THE CARIBBEAN,LATIN AMERICA AND THE CARIBBEAN,LATIN AMERICA AND THE CARIBBEAN,LATIN AMERICA AND THE CARIBBEAN,LATIN AMERICA AND THE CARIBBEAN,LATIN AMERICA AND THE CARIBBEAN,LATIN AMERICA AND THE CARIBBEAN,LATIN AMERICA AND THE CARIBBEAN
PHL,PHILIPPINES,Philippines,EAST ASIA AND PACIFIC,SOUTH AND SOUTH EASTERN ASIA,SOUTH EASTERN ASIA AND PACIFIC,EAST ASIA AND PACIFIC,SOUTH AND SOUTH EASTERN ASIA,SOUTH EASTERN ASIA AND PACIFIC,EAST ASIA AND PACIFIC,SOUTH AND SOUTH EASTERN ASIA,SOUTH EASTERN ASIA AND PACIFIC,EAST ASIA AND PACIFIC,EAST ASIA AND PACIFIC,EAST ASIA AND PACIFIC
PLW,PALAU,Palau,EAST ASIA AND PACIFIC,EAST ASIA AND PACIFIC,SOUTH EASTERN ASIA AND PACIFIC,EAST ASIA AND PACIFIC,EAST ASIA AND PACIFIC,SOUTH EASTERN ASIA AND PACIFIC,EAST ASIA AND PACIFIC,EAST ASIA AND PACIFIC,SOUTH EASTERN ASIA AND PACIFIC,EAST ASIA AND PACIFIC,EAST ASIA AND PACIFIC,EAST ASIA AND PACIFIC
PNG,PAPUA NEW GUINEA,Papua New Guinea,EAST ASIA AND PACIFIC,EAST ASIA AND PACIFIC,SOUTH EASTERN ASIA AND PACIFIC,EAST ASIA AND PACIFIC,EAST ASIA AND PACIFIC,SOUTH EASTERN ASIA AND PACIFIC,EAST ASIA AND PACIFIC,EAST ASIA AND PACIFIC,SOUTH EASTERN ASIA AND PACIFIC,EAST ASIA AND PACIFIC,EAST ASIA AND PACIFIC,EAST ASIA AND PACIFIC
POL,POLAND,Poland,EUROPE AND CENTRAL ASIA,EUROPE AND CENTRAL ASIA,EUROPE AND CENTRAL ASIA,EUROPE AND CENTRAL ASIA,EUROPE AND CENTRAL ASIA,EUROPE AND CENTRAL ASIA,More Developed Region,More Developed Region,More Developed Region,EUROPE AND CENTRAL ASIA,EUROPE AND CENTRAL ASIA,EUROPE AND CENTRAL ASIA
PRI,PUERTO RICO,Puerto Rico,LATIN AMERICA AND THE CARIBBEAN,LATIN AMERICA AND THE CARIBBEAN,LATIN AMERICA AND THE CARIBBEAN,LATIN AMERICA AND THE CARIBBEAN,LATIN AMERICA AND THE CARIBBEAN,LATIN AMERICA AND THE CARIBBEAN,LATIN AMERICA AND THE CARIBBEAN,LATIN AMERICA AND THE CARIBBEAN,LATIN AMERICA AND THE CARIBBEAN,LATIN AMERICA AND THE CARIBBEAN,LATIN AMERICA AND THE CARIBBEAN,LATIN AMERICA AND THE CARIBBEAN
PRK,DEMOCRATIC PEOPLE'S REPUBLIC OF KOREA,Democratic People's Republic Of Korea,EAST ASIA AND PACIFIC,EAST ASIA AND PACIFIC,SOUTH AND EAST ASIA,EAST ASIA AND PACIFIC,EAST ASIA AND PACIFIC,SOUTH AND EAST ASIA,EAST ASIA AND PACIFIC,EAST ASIA AND PACIFIC,SOUTH AND EAST ASIA,EAST ASIA AND PACIFIC,EAST ASIA AND PACIFIC,EAST ASIA AND PACIFIC
PRT,PORTUGAL,Portugal,EUROPE AND CENTRAL ASIA,EUROPE AND CENTRAL ASIA,EUROPE AND CENTRAL ASIA,High-income Western countries,High-income Western countries,High-income Western countries,More Developed Region,More Developed Region,More Developed Region,EUROPE AND CENTRAL ASIA,High-income Western countries,High-income Western countries
PRY,PARAGUAY,Paraguay,LATIN AMERICA AND THE CARIBBEAN,LATIN AMERICA AND THE CARIBBEAN,LATIN AMERICA AND THE CARIBBEAN,LATIN AMERICA AND THE CARIBBEAN,LATIN AMERICA AND THE CARIBBEAN,LATIN AMERICA AND THE CARIBBEAN,LATIN AMERICA AND THE CARIBBEAN,LATIN AMERICA AND THE CARIBBEAN,LATIN AMERICA AND THE CARIBBEAN,LATIN AMERICA AND THE CARIBBEAN,LATIN AMERICA AND THE CARIBBEAN,LATIN AMERICA AND THE CARIBBEAN
PSE,STATE OF PALESTINE,State Of Palestine,MIDDLE EAST AND NORTH AFRICA,MIDDLE EAST AND NORTH AFRICA,MIDDLE EAST AND NORTH AFRICA,MIDDLE EAST AND NORTH AFRICA,MIDDLE EAST AND NORTH AFRICA,MIDDLE EAST AND NORTH AFRICA,MIDDLE EAST AND NORTH AFRICA,MIDDLE EAST AND NORTH AFRICA,MIDDLE EAST AND NORTH AFRICA,MIDDLE EAST AND NORTH AFRICA,MIDDLE EAST AND NORTH AFRICA,MIDDLE EAST AND NORTH AFRICA
QAT,QATAR,Qatar,MIDDLE EAST AND NORTH AFRICA,MIDDLE EAST AND NORTH AFRICA,MIDDLE EAST AND NORTH AFRICA,MIDDLE EAST AND NORTH AFRICA,MIDDLE EAST AND NORTH AFRICA,MIDDLE EAST AND NORTH AFRICA,MIDDLE EAST AND NORTH AFRICA,MIDDLE EAST AND NORTH AFRICA,MIDDLE EAST AND NORTH AFRICA,MIDDLE EAST AND NORTH AFRICA,MIDDLE EAST AND NORTH AFRICA,MIDDLE EAST AND NORTH AFRICA
ROU,ROMANIA,Romania,EUROPE AND CENTRAL ASIA,EUROPE AND CENTRAL ASIA,EUROPE AND CENTRAL ASIA,EUROPE AND CENTRAL ASIA,EUROPE AND CENTRAL ASIA,EUROPE AND CENTRAL ASIA,More Developed Region,More Developed Region,More Developed Region,EUROPE AND CENTRAL ASIA,EUROPE AND CENTRAL ASIA,EUROPE AND CENTRAL ASIA
RUS,RUSSIAN FEDERATION,Russian Federation,EUROPE AND CENTRAL ASIA,EUROPE AND CENTRAL ASIA,EUROPE AND CENTRAL ASIA,EUROPE AND CENTRAL ASIA,EUROPE AND CENTRAL ASIA,EUROPE AND CENTRAL ASIA,More Developed Region,More Developed Region,More Developed Region,EUROPE AND CENTRAL ASIA,EUROPE AND CENTRAL ASIA,EUROPE AND CENTRAL ASIA
RWA,RWANDA,Rwanda,EASTERN MIDDLE AND SOUTH AFRICA,EASTERN MIDDLE AND SOUTH AFRICA,EASTERN MIDDLE AND SOUTH AFRICA,EASTERN MIDDLE AND SOUTH AFRICA,EASTERN MIDDLE AND SOUTH AFRICA,EASTERN MIDDLE AND SOUTH AFRICA,EASTERN MIDDLE AND SOUTH AFRICA,EASTERN MIDDLE AND SOUTH AFRICA,EASTERN MIDDLE AND SOUTH AFRICA,EASTERN AND MIDDLE AFRICA,EASTERN MIDDLE AND SOUTH AFRICA,East Africa
SAU,SAUDI ARABIA,Saudi Arabia,MIDDLE EAST AND NORTH AFRICA,MIDDLE EAST AND NORTH AFRICA,MIDDLE EAST AND NORTH AFRICA,MIDDLE EAST AND NORTH AFRICA,MIDDLE EAST AND NORTH AFRICA,MIDDLE EAST AND NORTH AFRICA,MIDDLE EAST AND NORTH AFRICA,MIDDLE EAST AND NORTH AFRICA,MIDDLE EAST AND NORTH AFRICA,MIDDLE EAST AND NORTH AFRICA,MIDDLE EAST AND NORTH AFRICA,MIDDLE EAST AND NORTH AFRICA
SDN,SUDAN,Sudan,EASTERN MIDDLE AND SOUTH AFRICA,EASTERN MIDDLE AND SOUTH AFRICA,EASTERN MIDDLE AND SOUTH AFRICA,EASTERN MIDDLE AND SOUTH AFRICA,EASTERN MIDDLE AND SOUTH AFRICA,EASTERN MIDDLE AND SOUTH AFRICA,EASTERN MIDDLE AND SOUTH AFRICA,EASTERN MIDDLE AND SOUTH AFRICA,EASTERN MIDDLE AND SOUTH AFRICA,EASTERN AND MIDDLE AFRICA,EASTERN MIDDLE AND SOUTH AFRICA,East Africa
SEN,SENEGAL,Senegal,WEST AFRICA,WEST AFRICA,WEST AFRICA,WEST AFRICA,WEST AFRICA,WEST AFRICA,WEST AFRICA,WEST AFRICA,WEST AFRICA,SOUTH AND WEST AFRICA,WEST AFRICA,West Africa
SGP,SINGAPORE,Singapore,EAST ASIA AND PACIFIC,SOUTH AND SOUTH EASTERN ASIA,SOUTH EASTERN ASIA AND PACIFIC,EAST ASIA AND PACIFIC,SOUTH AND SOUTH EASTERN ASIA,SOUTH EASTERN ASIA AND PACIFIC,EAST ASIA AND PACIFIC,SOUTH AND SOUTH EASTERN ASIA,SOUTH EASTERN ASIA AND PACIFIC,EAST ASIA AND PACIFIC,EAST ASIA AND PACIFIC,EAST ASIA AND PACIFIC
SLB,SOLOMON ISLANDS,Solomon Islands,EAST ASIA AND PACIFIC,EAST ASIA AND PACIFIC,SOUTH EASTERN ASIA AND PACIFIC,EAST ASIA AND PACIFIC,EAST ASIA AND PACIFIC,SOUTH EASTERN ASIA AND PACIFIC,EAST ASIA AND PACIFIC,EAST ASIA AND PACIFIC,SOUTH EASTERN ASIA AND PACIFIC,EAST ASIA AND PACIFIC,EAST ASIA AND PACIFIC,EAST ASIA AND PACIFIC
SLE,SIERRA LEONE,Sierra Leone,WEST AFRICA,WEST AFRICA,WEST AFRICA,WEST AFRICA,WEST AFRICA,WEST AFRICA,WEST AFRICA,WEST AFRICA,WEST AFRICA,SOUTH AND WEST AFRICA,WEST AFRICA,West Africa
SLV,EL SALVADOR,El Salvador,LATIN AMERICA AND THE CARIBBEAN,LATIN AMERICA AND THE CARIBBEAN,LATIN AMERICA AND THE CARIBBEAN,LATIN AMERICA AND THE CARIBBEAN,LATIN AMERICA AND THE CARIBBEAN,LATIN AMERICA AND THE CARIBBEAN,LATIN AMERICA AND THE CARIBBEAN,LATIN AMERICA AND THE CARIBBEAN,LATIN AMERICA AND THE CARIBBEAN,LATIN AMERICA AND THE CARIBBEAN,LATIN AMERICA AND THE CARIBBEAN,LATIN AMERICA AND THE CARIBBEAN
SMR,SAN MARINO,San Marino,EUROPE AND CENTRAL ASIA,EUROPE AND CENTRAL ASIA,EUROPE AND CENTRAL ASIA,High-income Western countries,High-income Western countries,High-income Western countries,More Developed Region,More Developed Region,More Developed Region,EUROPE AND CENTRAL ASIA,High-income Western countries,High-income Western countries
SOM,SOMALIA,Somalia,EASTERN MIDDLE AND SOUTH AFRICA,EASTERN MIDDLE AND SOUTH AFRICA,EASTERN MIDDLE AND SOUTH AFRICA,EASTERN MIDDLE AND SOUTH AFRICA,EASTERN MIDDLE AND SOUTH AFRICA,EASTERN MIDDLE AND SOUTH AFRICA,EASTERN MIDDLE AND SOUTH AFRICA,EASTERN MIDDLE AND SOUTH AFRICA,EASTERN MIDDLE AND SOUTH AFRICA,EASTERN AND MIDDLE AFRICA,EASTERN MIDDLE AND SOUTH AFRICA,East Africa
SRB,SERBIA,Serbia,EUROPE AND CENTRAL ASIA,EUROPE AND CENTRAL ASIA,EUROPE AND CENTRAL ASIA,EUROPE AND CENTRAL ASIA,EUROPE AND CENTRAL ASIA,EUROPE AND CENTRAL ASIA,More Developed Region,More Developed Region,More Developed Region,EUROPE AND CENTRAL ASIA,EUROPE AND CENTRAL ASIA,EUROPE AND CENTRAL ASIA
SSD,SOUTH SUDAN,South Sudan,EASTERN MIDDLE AND SOUTH AFRICA,EASTERN MIDDLE AND SOUTH AFRICA,EASTERN MIDDLE AND SOUTH AFRICA,EASTERN MIDDLE AND SOUTH AFRICA,EASTERN MIDDLE AND SOUTH AFRICA,EASTERN MIDDLE AND SOUTH AFRICA,EASTERN MIDDLE AND SOUTH AFRICA,EASTERN MIDDLE AND SOUTH AFRICA,EASTERN MIDDLE AND SOUTH AFRICA,EASTERN AND MIDDLE AFRICA,EASTERN MIDDLE AND SOUTH AFRICA,East Africa
STP,SAO TOME AND PRINCIPE,Sao Tome And Principe,EASTERN MIDDLE AND SOUTH AFRICA,EASTERN MIDDLE AND SOUTH AFRICA,EASTERN MIDDLE AND SOUTH AFRICA,EASTERN MIDDLE AND SOUTH AFRICA,EASTERN MIDDLE AND SOUTH AFRICA,EASTERN MIDDLE AND SOUTH AFRICA,EASTERN MIDDLE AND SOUTH AFRICA,EASTERN MIDDLE AND SOUTH AFRICA,EASTERN MIDDLE AND SOUTH AFRICA,EASTERN AND MIDDLE AFRICA,EASTERN MIDDLE AND SOUTH AFRICA,West Africa
SUR,SURINAME,Suriname,LATIN AMERICA AND THE CARIBBEAN,LATIN AMERICA AND THE CARIBBEAN,LATIN AMERICA AND THE CARIBBEAN,LATIN AMERICA AND THE CARIBBEAN,LATIN AMERICA AND THE CARIBBEAN,LATIN AMERICA AND THE CARIBBEAN,LATIN AMERICA AND THE CARIBBEAN,LATIN AMERICA AND THE CARIBBEAN,LATIN AMERICA AND THE CARIBBEAN,LATIN AMERICA AND THE CARIBBEAN,LATIN AMERICA AND THE CARIBBEAN,LATIN AMERICA AND THE CARIBBEAN
SVK,SLOVAKIA,Slovakia,EUROPE AND CENTRAL ASIA,EUROPE AND CENTRAL ASIA,EUROPE AND CENTRAL ASIA,EUROPE AND CENTRAL ASIA,EUROPE AND CENTRAL ASIA,EUROPE AND CENTRAL ASIA,More Developed Region,More Developed Region,More Developed Region,EUROPE AND CENTRAL ASIA,EUROPE AND CENTRAL ASIA,EUROPE AND CENTRAL ASIA
SVN,SLOVENIA,Slovenia,EUROPE AND CENTRAL ASIA,EUROPE AND CENTRAL ASIA,EUROPE AND CENTRAL ASIA,EUROPE AND CENTRAL ASIA,EUROPE AND CENTRAL ASIA,EUROPE AND CENTRAL ASIA,More Developed Region,More Developed Region,More Developed Region,EUROPE AND CENTRAL ASIA,EUROPE AND CENTRAL ASIA,EUROPE AND CENTRAL ASIA
SWE,SWEDEN,Sweden,EUROPE AND CENTRAL ASIA,EUROPE AND CENTRAL ASIA,EUROPE AND CENTRAL ASIA,High-income Western countries,High-income Western countries,High-income Western countries,More Developed Region,More Developed Region,More Developed Region,EUROPE AND CENTRAL ASIA,High-income Western countries,High-income Western countries
SWZ,ESWATINI,Eswatini,EASTERN MIDDLE AND SOUTH AFRICA,EASTERN MIDDLE AND SOUTH AFRICA,EASTERN MIDDLE AND SOUTH AFRICA,EASTERN MIDDLE AND SOUTH AFRICA,EASTERN MIDDLE AND SOUTH AFRICA,EASTERN MIDDLE AND SOUTH AFRICA,EASTERN MIDDLE AND SOUTH AFRICA,EASTERN MIDDLE AND SOUTH AFRICA,EASTERN MIDDLE AND SOUTH AFRICA,SOUTH AND WEST AFRICA,EASTERN MIDDLE AND SOUTH AFRICA,Southern Africa
SYC,SEYCHELLES,Seychelles,EASTERN MIDDLE AND SOUTH AFRICA,EASTERN MIDDLE AND SOUTH AFRICA,EASTERN MIDDLE AND SOUTH AFRICA,EASTERN MIDDLE AND SOUTH AFRICA,EASTERN MIDDLE AND SOUTH AFRICA,EASTERN MIDDLE AND SOUTH AFRICA,EASTERN MIDDLE AND SOUTH AFRICA,EASTERN MIDDLE AND SOUTH AFRICA,EASTERN MIDDLE AND SOUTH AFRICA,EASTERN AND MIDDLE AFRICA,EASTERN MIDDLE AND SOUTH AFRICA,East Africa
SYR,SYRIAN ARAB REPUBLIC,Syrian Arab Republic,MIDDLE EAST AND NORTH AFRICA,MIDDLE EAST AND NORTH AFRICA,MIDDLE EAST AND NORTH AFRICA,MIDDLE EAST AND NORTH AFRICA,MIDDLE EAST AND NORTH AFRICA,MIDDLE EAST AND NORTH AFRICA,MIDDLE EAST AND NORTH AFRICA,MIDDLE EAST AND NORTH AFRICA,MIDDLE EAST AND NORTH AFRICA,MIDDLE EAST AND NORTH AFRICA,MIDDLE EAST AND NORTH AFRICA,MIDDLE EAST AND NORTH AFRICA
TCD,CHAD,Chad,EASTERN MIDDLE AND SOUTH AFRICA,EASTERN MIDDLE AND SOUTH AFRICA,EASTERN MIDDLE AND SOUTH AFRICA,EASTERN MIDDLE AND SOUTH AFRICA,EASTERN MIDDLE AND SOUTH AFRICA,EASTERN MIDDLE AND SOUTH AFRICA,EASTERN MIDDLE AND SOUTH AFRICA,EASTERN MIDDLE AND SOUTH AFRICA,EASTERN MIDDLE AND SOUTH AFRICA,EASTERN AND MIDDLE AFRICA,EASTERN MIDDLE AND SOUTH AFRICA,West Africa
TGO,TOGO,Togo,WEST AFRICA,WEST AFRICA,WEST AFRICA,WEST AFRICA,WEST AFRICA,WEST AFRICA,WEST AFRICA,WEST AFRICA,WEST AFRICA,SOUTH AND WEST AFRICA,WEST AFRICA,West Africa
THA,THAILAND,Thailand,EAST ASIA AND PACIFIC,SOUTH AND SOUTH EASTERN ASIA,SOUTH EASTERN ASIA AND PACIFIC,EAST ASIA AND PACIFIC,SOUTH AND SOUTH EASTERN ASIA,SOUTH EASTERN ASIA AND PACIFIC,EAST ASIA AND PACIFIC,SOUTH AND SOUTH EASTERN ASIA,SOUTH EASTERN ASIA AND PACIFIC,EAST ASIA AND PACIFIC,EAST ASIA AND PACIFIC,EAST ASIA AND PACIFIC
TJK,TAJIKISTAN,Tajikistan,EUROPE AND CENTRAL ASIA,EUROPE AND CENTRAL ASIA,EUROPE AND CENTRAL ASIA,EUROPE AND CENTRAL ASIA,EUROPE AND CENTRAL ASIA,EUROPE AND CENTRAL ASIA,EUROPE AND CENTRAL ASIA,EUROPE AND CENTRAL ASIA,EUROPE AND CENTRAL ASIA,EUROPE AND CENTRAL ASIA,EUROPE AND CENTRAL ASIA,EUROPE AND CENTRAL ASIA
TKL,TOKELAU,Tokelau,EAST ASIA AND PACIFIC,EAST ASIA AND PACIFIC,SOUTH EASTERN ASIA AND PACIFIC,EAST ASIA AND PACIFIC,EAST ASIA AND PACIFIC,SOUTH EASTERN ASIA AND PACIFIC,EAST ASIA AND PACIFIC,EAST ASIA AND PACIFIC,SOUTH EASTERN ASIA AND PACIFIC,EAST ASIA AND PACIFIC,EAST ASIA AND PACIFIC,EAST ASIA AND PACIFIC
TCA,Turks and Caicos Islands,Turks and Caicos Islands,LATIN AMERICA AND THE CARIBBEAN,LATIN AMERICA AND THE CARIBBEAN,LATIN AMERICA AND THE CARIBBEAN,LATIN AMERICA AND THE CARIBBEAN,LATIN AMERICA AND THE CARIBBEAN,LATIN AMERICA AND THE CARIBBEAN,LATIN AMERICA AND THE CARIBBEAN,LATIN AMERICA AND THE CARIBBEAN,LATIN AMERICA AND THE CARIBBEAN,LATIN AMERICA AND THE CARIBBEAN,LATIN AMERICA AND THE CARIBBEAN,LATIN AMERICA AND THE CARIBBEAN
TKM,TURKMENISTAN,Turkmenistan,EUROPE AND CENTRAL ASIA,EUROPE AND CENTRAL ASIA,EUROPE AND CENTRAL ASIA,EUROPE AND CENTRAL ASIA,EUROPE AND CENTRAL ASIA,EUROPE AND CENTRAL ASIA,EUROPE AND CENTRAL ASIA,EUROPE AND CENTRAL ASIA,EUROPE AND CENTRAL ASIA,EUROPE AND CENTRAL ASIA,EUROPE AND CENTRAL ASIA,EUROPE AND CENTRAL ASIA
TLS,TIMOR-LESTE,Timor-leste,EAST ASIA AND PACIFIC,SOUTH AND SOUTH EASTERN ASIA,SOUTH EASTERN ASIA AND PACIFIC,EAST ASIA AND PACIFIC,SOUTH AND SOUTH EASTERN ASIA,SOUTH EASTERN ASIA AND PACIFIC,EAST ASIA AND PACIFIC,SOUTH AND SOUTH EASTERN ASIA,SOUTH EASTERN ASIA AND PACIFIC,EAST ASIA AND PACIFIC,EAST ASIA AND PACIFIC,EAST ASIA AND PACIFIC
TON,TONGA,Tonga,EAST ASIA AND PACIFIC,EAST ASIA AND PACIFIC,SOUTH EASTERN ASIA AND PACIFIC,EAST ASIA AND PACIFIC,EAST ASIA AND PACIFIC,SOUTH EASTERN ASIA AND PACIFIC,EAST ASIA AND PACIFIC,EAST ASIA AND PACIFIC,SOUTH EASTERN ASIA AND PACIFIC,EAST ASIA AND PACIFIC,EAST ASIA AND PACIFIC,EAST ASIA AND PACIFIC
TTO,TRINIDAD AND TOBAGO,Trinidad And Tobago,LATIN AMERICA AND THE CARIBBEAN,LATIN AMERICA AND THE CARIBBEAN,LATIN AMERICA AND THE CARIBBEAN,LATIN AMERICA AND THE CARIBBEAN,LATIN AMERICA AND THE CARIBBEAN,LATIN AMERICA AND THE CARIBBEAN,LATIN AMERICA AND THE CARIBBEAN,LATIN AMERICA AND THE CARIBBEAN,LATIN AMERICA AND THE CARIBBEAN,LATIN AMERICA AND THE CARIBBEAN,LATIN AMERICA AND THE CARIBBEAN,LATIN AMERICA AND THE CARIBBEAN
TUN,TUNISIA,Tunisia,MIDDLE EAST AND NORTH AFRICA,MIDDLE EAST AND NORTH AFRICA,MIDDLE EAST AND NORTH AFRICA,MIDDLE EAST AND NORTH AFRICA,MIDDLE EAST AND NORTH AFRICA,MIDDLE EAST AND NORTH AFRICA,MIDDLE EAST AND NORTH AFRICA,MIDDLE EAST AND NORTH AFRICA,MIDDLE EAST AND NORTH AFRICA,MIDDLE EAST AND NORTH AFRICA,MIDDLE EAST AND NORTH AFRICA,MIDDLE EAST AND NORTH AFRICA
TUR,TURKEY,Turkey,EUROPE AND CENTRAL ASIA,EUROPE AND CENTRAL ASIA,EUROPE AND CENTRAL ASIA,EUROPE AND CENTRAL ASIA,EUROPE AND CENTRAL ASIA,EUROPE AND CENTRAL ASIA,EUROPE AND CENTRAL ASIA,EUROPE AND CENTRAL ASIA,EUROPE AND CENTRAL ASIA,EUROPE AND CENTRAL ASIA,EUROPE AND CENTRAL ASIA,EUROPE AND CENTRAL ASIA
TUV,TUVALU,Tuvalu,EAST ASIA AND PACIFIC,EAST ASIA AND PACIFIC,SOUTH EASTERN ASIA AND PACIFIC,EAST ASIA AND PACIFIC,EAST ASIA AND PACIFIC,SOUTH EASTERN ASIA AND PACIFIC,EAST ASIA AND PACIFIC,EAST ASIA AND PACIFIC,SOUTH EASTERN ASIA AND PACIFIC,EAST ASIA AND PACIFIC,EAST ASIA AND PACIFIC,EAST ASIA AND PACIFIC
TWN,TAIWAN (PROVINCE OF CHINA),Taiwan (province Of China),EAST ASIA AND PACIFIC,EAST ASIA AND PACIFIC,SOUTH AND EAST ASIA,EAST ASIA AND PACIFIC,EAST ASIA AND PACIFIC,SOUTH AND EAST ASIA,EAST ASIA AND PACIFIC,EAST ASIA AND PACIFIC,SOUTH AND EAST ASIA,EAST ASIA AND PACIFIC,EAST ASIA AND PACIFIC,EAST ASIA AND PACIFIC
TZA,UNITED REPUBLIC OF TANZANIA,United Republic Of Tanzania,EASTERN MIDDLE AND SOUTH AFRICA,EASTERN MIDDLE AND SOUTH AFRICA,EASTERN MIDDLE AND SOUTH AFRICA,EASTERN MIDDLE AND SOUTH AFRICA,EASTERN MIDDLE AND SOUTH AFRICA,EASTERN MIDDLE AND SOUTH AFRICA,EASTERN MIDDLE AND SOUTH AFRICA,EASTERN MIDDLE AND SOUTH AFRICA,EASTERN MIDDLE AND SOUTH AFRICA,EASTERN AND MIDDLE AFRICA,EASTERN MIDDLE AND SOUTH AFRICA,East Africa
UGA,UGANDA,Uganda,EASTERN MIDDLE AND SOUTH AFRICA,EASTERN MIDDLE AND SOUTH AFRICA,EASTERN MIDDLE AND SOUTH AFRICA,EASTERN MIDDLE AND SOUTH AFRICA,EASTERN MIDDLE AND SOUTH AFRICA,EASTERN MIDDLE AND SOUTH AFRICA,EASTERN MIDDLE AND SOUTH AFRICA,EASTERN MIDDLE AND SOUTH AFRICA,EASTERN MIDDLE AND SOUTH AFRICA,EASTERN AND MIDDLE AFRICA,EASTERN MIDDLE AND SOUTH AFRICA,East Africa
UKR,UKRAINE,Ukraine,EUROPE AND CENTRAL ASIA,EUROPE AND CENTRAL ASIA,EUROPE AND CENTRAL ASIA,EUROPE AND CENTRAL ASIA,EUROPE AND CENTRAL ASIA,EUROPE AND CENTRAL ASIA,More Developed Region,More Developed Region,More Developed Region,EUROPE AND CENTRAL ASIA,EUROPE AND CENTRAL ASIA,EUROPE AND CENTRAL ASIA
URY,URUGUAY,Uruguay,LATIN AMERICA AND THE CARIBBEAN,LATIN AMERICA AND THE CARIBBEAN,LATIN AMERICA AND THE CARIBBEAN,LATIN AMERICA AND THE CARIBBEAN,LATIN AMERICA AND THE CARIBBEAN,LATIN AMERICA AND THE CARIBBEAN,LATIN AMERICA AND THE CARIBBEAN,LATIN AMERICA AND THE CARIBBEAN,LATIN AMERICA AND THE CARIBBEAN,LATIN AMERICA AND THE CARIBBEAN,LATIN AMERICA AND THE CARIBBEAN,LATIN AMERICA AND THE CARIBBEAN
USA,UNITED STATES,United States,NORTH AMERICA,NORTH AMERICA,NORTH AMERICA,High-income Western countries,High-income Western countries,High-income Western countries,More Developed Region,More Developed Region,More Developed Region,NORTH AMERICA,High-income Western countries,High-income Western countries
UZB,UZBEKISTAN,Uzbekistan,EUROPE AND CENTRAL ASIA,EUROPE AND CENTRAL ASIA,EUROPE AND CENTRAL ASIA,EUROPE AND CENTRAL ASIA,EUROPE AND CENTRAL ASIA,EUROPE AND CENTRAL ASIA,EUROPE AND CENTRAL ASIA,EUROPE AND CENTRAL ASIA,EUROPE AND CENTRAL ASIA,EUROPE AND CENTRAL ASIA,EUROPE AND CENTRAL ASIA,EUROPE AND CENTRAL ASIA
VCT,SAINT VINCENT AND THE GRENADINES,Saint Vincent And The Grenadines,LATIN AMERICA AND THE CARIBBEAN,LATIN AMERICA AND THE CARIBBEAN,LATIN AMERICA AND THE CARIBBEAN,LATIN AMERICA AND THE CARIBBEAN,LATIN AMERICA AND THE CARIBBEAN,LATIN AMERICA AND THE CARIBBEAN,LATIN AMERICA AND THE CARIBBEAN,LATIN AMERICA AND THE CARIBBEAN,LATIN AMERICA AND THE CARIBBEAN,LATIN AMERICA AND THE CARIBBEAN,LATIN AMERICA AND THE CARIBBEAN,LATIN AMERICA AND THE CARIBBEAN
VEN,VENEZUELA (BOLIVARIAN REPUBLIC OF),Venezuela (bolivarian Republic Of),LATIN AMERICA AND THE CARIBBEAN,LATIN AMERICA AND THE CARIBBEAN,LATIN AMERICA AND THE CARIBBEAN,LATIN AMERICA AND THE CARIBBEAN,LATIN AMERICA AND THE CARIBBEAN,LATIN AMERICA AND THE CARIBBEAN,LATIN AMERICA AND THE CARIBBEAN,LATIN AMERICA AND THE CARIBBEAN,LATIN AMERICA AND THE CARIBBEAN,LATIN AMERICA AND THE CARIBBEAN,LATIN AMERICA AND THE CARIBBEAN,LATIN AMERICA AND THE CARIBBEAN
VIR,UNITED STATES VIRGIN ISLANDS,United States Virgin Islands,LATIN AMERICA AND THE CARIBBEAN,LATIN AMERICA AND THE CARIBBEAN,LATIN AMERICA AND THE CARIBBEAN,LATIN AMERICA AND THE CARIBBEAN,LATIN AMERICA AND THE CARIBBEAN,LATIN AMERICA AND THE CARIBBEAN,LATIN AMERICA AND THE CARIBBEAN,LATIN AMERICA AND THE CARIBBEAN,LATIN AMERICA AND THE CARIBBEAN,LATIN AMERICA AND THE CARIBBEAN,LATIN AMERICA AND THE CARIBBEAN,LATIN AMERICA AND THE CARIBBEAN
VNM,VIET NAM,Viet Nam,EAST ASIA AND PACIFIC,SOUTH AND SOUTH EASTERN ASIA,SOUTH EASTERN ASIA AND PACIFIC,EAST ASIA AND PACIFIC,SOUTH AND SOUTH EASTERN ASIA,SOUTH EASTERN ASIA AND PACIFIC,EAST ASIA AND PACIFIC,SOUTH AND SOUTH EASTERN ASIA,SOUTH EASTERN ASIA AND PACIFIC,EAST ASIA AND PACIFIC,EAST ASIA AND PACIFIC,EAST ASIA AND PACIFIC
VUT,VANUATU,Vanuatu,EAST ASIA AND PACIFIC,EAST ASIA AND PACIFIC,SOUTH EASTERN ASIA AND PACIFIC,EAST ASIA AND PACIFIC,EAST ASIA AND PACIFIC,SOUTH EASTERN ASIA AND PACIFIC,EAST ASIA AND PACIFIC,EAST ASIA AND PACIFIC,SOUTH EASTERN ASIA AND PACIFIC,EAST ASIA AND PACIFIC,EAST ASIA AND PACIFIC,EAST ASIA AND PACIFIC
WSM,SAMOA,Samoa,EAST ASIA AND PACIFIC,EAST ASIA AND PACIFIC,SOUTH EASTERN ASIA AND PACIFIC,EAST ASIA AND PACIFIC,EAST ASIA AND PACIFIC,SOUTH EASTERN ASIA AND PACIFIC,EAST ASIA AND PACIFIC,EAST ASIA AND PACIFIC,SOUTH EASTERN ASIA AND PACIFIC,EAST ASIA AND PACIFIC,EAST ASIA AND PACIFIC,EAST ASIA AND PACIFIC
YEM,YEMEN,Yemen,MIDDLE EAST AND NORTH AFRICA,MIDDLE EAST AND NORTH AFRICA,MIDDLE EAST AND NORTH AFRICA,MIDDLE EAST AND NORTH AFRICA,MIDDLE EAST AND NORTH AFRICA,MIDDLE EAST AND NORTH AFRICA,MIDDLE EAST AND NORTH AFRICA,MIDDLE EAST AND NORTH AFRICA,MIDDLE EAST AND NORTH AFRICA,MIDDLE EAST AND NORTH AFRICA,MIDDLE EAST AND NORTH AFRICA,MIDDLE EAST AND NORTH AFRICA
XKX,Kosovo,EUROPE AND CENTRAL ASIA,EUROPE AND CENTRAL ASIA,EUROPE AND CENTRAL ASIA,EUROPE AND CENTRAL ASIA,EUROPE AND CENTRAL ASIA,EUROPE AND CENTRAL ASIA,EUROPE AND CENTRAL ASIA,More Developed Region,More Developed Region,More Developed Region,EUROPE AND CENTRAL ASIA,EUROPE AND CENTRAL ASIA,EUROPE AND CENTRAL ASIA
ZAF,SOUTH AFRICA,South Africa,EASTERN MIDDLE AND SOUTH AFRICA,EASTERN MIDDLE AND SOUTH AFRICA,EASTERN MIDDLE AND SOUTH AFRICA,EASTERN MIDDLE AND SOUTH AFRICA,EASTERN MIDDLE AND SOUTH AFRICA,EASTERN MIDDLE AND SOUTH AFRICA,EASTERN MIDDLE AND SOUTH AFRICA,EASTERN MIDDLE AND SOUTH AFRICA,EASTERN MIDDLE AND SOUTH AFRICA,SOUTH AND WEST AFRICA,EASTERN MIDDLE AND SOUTH AFRICA,Southern Africa
ZMB,ZAMBIA,Zambia,EASTERN MIDDLE AND SOUTH AFRICA,EASTERN MIDDLE AND SOUTH AFRICA,EASTERN MIDDLE AND SOUTH AFRICA,EASTERN MIDDLE AND SOUTH AFRICA,EASTERN MIDDLE AND SOUTH AFRICA,EASTERN MIDDLE AND SOUTH AFRICA,EASTERN MIDDLE AND SOUTH AFRICA,EASTERN MIDDLE AND SOUTH AFRICA,EASTERN MIDDLE AND SOUTH AFRICA,EASTERN AND MIDDLE AFRICA,EASTERN MIDDLE AND SOUTH AFRICA,East Africa
ZWE,ZIMBABWE,Zimbabwe,EASTERN MIDDLE AND SOUTH AFRICA,EASTERN MIDDLE AND SOUTH AFRICA,EASTERN MIDDLE AND SOUTH AFRICA,EASTERN MIDDLE AND SOUTH AFRICA,EASTERN MIDDLE AND SOUTH AFRICA,EASTERN MIDDLE AND SOUTH AFRICA,EASTERN MIDDLE AND SOUTH AFRICA,EASTERN MIDDLE AND SOUTH AFRICA,EASTERN MIDDLE AND SOUTH AFRICA,SOUTH AND WEST AFRICA,EASTERN MIDDLE AND SOUTH AFRICA,Southern Africa